"scenario","set_name","vaccine","gavi_support","activity_type","country_code","country","year","age_first","age_last","age_range_verbatim","target","coverage","gender"
"cholera-campaign-default","Cholera: Cholera, with, campaign","Cholera","total","campaign","AFG","Afghanistan",2025,1,100,"default age and gender",42350794,0.561536457085639,"both"
"cholera-campaign-default","Cholera: Cholera, with, campaign","Cholera","total","campaign","AFG","Afghanistan",2028,1,100,"default age and gender",45089671,0.561536457085639,"both"
"cholera-campaign-default","Cholera: Cholera, with, campaign","Cholera","total","campaign","AFG","Afghanistan",2031,1,100,"default age and gender",47810447,0.561536457085639,"both"
"cholera-campaign-default","Cholera: Cholera, with, campaign","Cholera","total","campaign","AFG","Afghanistan",2034,1,100,"default age and gender",50507703,0.561536457085639,"both"
"cholera-campaign-default","Cholera: Cholera, with, campaign","Cholera","total","campaign","AFG","Afghanistan",2037,1,100,"default age and gender",53155829,0.561536457085639,"both"
"cholera-campaign-default","Cholera: Cholera, with, campaign","Cholera","total","campaign","AFG","Afghanistan",2040,1,100,"default age and gender",55734758,0.561536457085639,"both"
"cholera-campaign-default","Cholera: Cholera, with, campaign","Cholera","total","campaign","AGO","Angola",2025,1,100,"default age and gender",37089446,0.0250834782014924,"both"
"cholera-campaign-default","Cholera: Cholera, with, campaign","Cholera","total","campaign","AGO","Angola",2028,1,100,"default age and gender",40711007,0.0250834782014924,"both"
"cholera-campaign-default","Cholera: Cholera, with, campaign","Cholera","total","campaign","AGO","Angola",2031,1,100,"default age and gender",44608797,0.0250834782014924,"both"
"cholera-campaign-default","Cholera: Cholera, with, campaign","Cholera","total","campaign","AGO","Angola",2034,1,100,"default age and gender",48776283,0.0250834782014924,"both"
"cholera-campaign-default","Cholera: Cholera, with, campaign","Cholera","total","campaign","AGO","Angola",2037,1,100,"default age and gender",53205542,0.0250834782014924,"both"
"cholera-campaign-default","Cholera: Cholera, with, campaign","Cholera","total","campaign","AGO","Angola",2040,1,100,"default age and gender",57887928,0.0250834782014924,"both"
"cholera-campaign-default","Cholera: Cholera, with, campaign","Cholera","total","campaign","BDI","Burundi",2025,1,100,"default age and gender",13300017,0.056759912400634,"both"
"cholera-campaign-default","Cholera: Cholera, with, campaign","Cholera","total","campaign","BDI","Burundi",2028,1,100,"default age and gender",14468966,0.056759912400634,"both"
"cholera-campaign-default","Cholera: Cholera, with, campaign","Cholera","total","campaign","BDI","Burundi",2031,1,100,"default age and gender",15688591,0.056759912400634,"both"
"cholera-campaign-default","Cholera: Cholera, with, campaign","Cholera","total","campaign","BDI","Burundi",2034,1,100,"default age and gender",16959254,0.056759912400634,"both"
"cholera-campaign-default","Cholera: Cholera, with, campaign","Cholera","total","campaign","BDI","Burundi",2037,1,100,"default age and gender",18287782,0.056759912400634,"both"
"cholera-campaign-default","Cholera: Cholera, with, campaign","Cholera","total","campaign","BDI","Burundi",2040,1,100,"default age and gender",19675073,0.056759912400634,"both"
"cholera-campaign-default","Cholera: Cholera, with, campaign","Cholera","total","campaign","BEN","Benin",2025,1,100,"default age and gender",13382217,0.0269942286481188,"both"
"cholera-campaign-default","Cholera: Cholera, with, campaign","Cholera","total","campaign","BEN","Benin",2028,1,100,"default age and gender",14452587,0.0269942286481188,"both"
"cholera-campaign-default","Cholera: Cholera, with, campaign","Cholera","total","campaign","BEN","Benin",2031,1,100,"default age and gender",15575952,0.0269942286481188,"both"
"cholera-campaign-default","Cholera: Cholera, with, campaign","Cholera","total","campaign","BEN","Benin",2034,1,100,"default age and gender",16748866,0.0269942286481188,"both"
"cholera-campaign-default","Cholera: Cholera, with, campaign","Cholera","total","campaign","BEN","Benin",2037,1,100,"default age and gender",17967994,0.0269942286481188,"both"
"cholera-campaign-default","Cholera: Cholera, with, campaign","Cholera","total","campaign","BEN","Benin",2040,1,100,"default age and gender",19228693,0.0269942286481188,"both"
"cholera-campaign-default","Cholera: Cholera, with, campaign","Cholera","total","campaign","BFA","Burkina Faso",2025,1,100,"default age and gender",23198040,0.0240273421352545,"both"
"cholera-campaign-default","Cholera: Cholera, with, campaign","Cholera","total","campaign","BFA","Burkina Faso",2028,1,100,"default age and gender",25162330,0.0240273421352545,"both"
"cholera-campaign-default","Cholera: Cholera, with, campaign","Cholera","total","campaign","BFA","Burkina Faso",2031,1,100,"default age and gender",27238385,0.0240273421352545,"both"
"cholera-campaign-default","Cholera: Cholera, with, campaign","Cholera","total","campaign","BFA","Burkina Faso",2034,1,100,"default age and gender",29421471,0.0240273421352545,"both"
"cholera-campaign-default","Cholera: Cholera, with, campaign","Cholera","total","campaign","BFA","Burkina Faso",2037,1,100,"default age and gender",31698268,0.0240273421352545,"both"
"cholera-campaign-default","Cholera: Cholera, with, campaign","Cholera","total","campaign","BFA","Burkina Faso",2040,1,100,"default age and gender",34056240,0.0240273421352545,"both"
"cholera-campaign-default","Cholera: Cholera, with, campaign","Cholera","total","campaign","BGD","Bangladesh",2025,1,100,"default age and gender",169693563,0.372607583770451,"both"
"cholera-campaign-default","Cholera: Cholera, with, campaign","Cholera","total","campaign","BGD","Bangladesh",2028,1,100,"default age and gender",173905261,0.372607583770451,"both"
"cholera-campaign-default","Cholera: Cholera, with, campaign","Cholera","total","campaign","BGD","Bangladesh",2031,1,100,"default age and gender",177681831,0.372607583770451,"both"
"cholera-campaign-default","Cholera: Cholera, with, campaign","Cholera","total","campaign","BGD","Bangladesh",2034,1,100,"default age and gender",180994490,0.372607583770451,"both"
"cholera-campaign-default","Cholera: Cholera, with, campaign","Cholera","total","campaign","BGD","Bangladesh",2037,1,100,"default age and gender",183830787,0.372607583770451,"both"
"cholera-campaign-default","Cholera: Cholera, with, campaign","Cholera","total","campaign","BGD","Bangladesh",2040,1,100,"default age and gender",186183146,0.372607583770451,"both"
"cholera-campaign-default","Cholera: Cholera, with, campaign","Cholera","total","campaign","CAF","Central African Republic",2025,1,100,"default age and gender",5166395,0.0131597687827063,"both"
"cholera-campaign-default","Cholera: Cholera, with, campaign","Cholera","total","campaign","CAF","Central African Republic",2028,1,100,"default age and gender",5516640,0.0131597687827063,"both"
"cholera-campaign-default","Cholera: Cholera, with, campaign","Cholera","total","campaign","CAF","Central African Republic",2031,1,100,"default age and gender",5888116,0.0131597687827063,"both"
"cholera-campaign-default","Cholera: Cholera, with, campaign","Cholera","total","campaign","CAF","Central African Republic",2034,1,100,"default age and gender",6267075,0.0131597687827063,"both"
"cholera-campaign-default","Cholera: Cholera, with, campaign","Cholera","total","campaign","CAF","Central African Republic",2037,1,100,"default age and gender",6646435,0.0131597687827063,"both"
"cholera-campaign-default","Cholera: Cholera, with, campaign","Cholera","total","campaign","CAF","Central African Republic",2040,1,100,"default age and gender",7021019,0.0131597687827063,"both"
"cholera-campaign-default","Cholera: Cholera, with, campaign","Cholera","total","campaign","CIV","Cote d'Ivoire",2025,1,100,"default age and gender",28945622,0.049652965302873,"both"
"cholera-campaign-default","Cholera: Cholera, with, campaign","Cholera","total","campaign","CIV","Cote d'Ivoire",2028,1,100,"default age and gender",31160996,0.049652965302873,"both"
"cholera-campaign-default","Cholera: Cholera, with, campaign","Cholera","total","campaign","CIV","Cote d'Ivoire",2031,1,100,"default age and gender",33474898,0.049652965302873,"both"
"cholera-campaign-default","Cholera: Cholera, with, campaign","Cholera","total","campaign","CIV","Cote d'Ivoire",2034,1,100,"default age and gender",35876808,0.049652965302873,"both"
"cholera-campaign-default","Cholera: Cholera, with, campaign","Cholera","total","campaign","CIV","Cote d'Ivoire",2037,1,100,"default age and gender",38360701,0.049652965302873,"both"
"cholera-campaign-default","Cholera: Cholera, with, campaign","Cholera","total","campaign","CIV","Cote d'Ivoire",2040,1,100,"default age and gender",40923310,0.049652965302873,"both"
"cholera-campaign-default","Cholera: Cholera, with, campaign","Cholera","total","campaign","CMR","Cameroon",2025,1,100,"default age and gender",29111584,0.332910406559486,"both"
"cholera-campaign-default","Cholera: Cholera, with, campaign","Cholera","total","campaign","CMR","Cameroon",2028,1,100,"default age and gender",31284927,0.332910406559486,"both"
"cholera-campaign-default","Cholera: Cholera, with, campaign","Cholera","total","campaign","CMR","Cameroon",2031,1,100,"default age and gender",33544864,0.332910406559486,"both"
"cholera-campaign-default","Cholera: Cholera, with, campaign","Cholera","total","campaign","CMR","Cameroon",2034,1,100,"default age and gender",35884593,0.332910406559486,"both"
"cholera-campaign-default","Cholera: Cholera, with, campaign","Cholera","total","campaign","CMR","Cameroon",2037,1,100,"default age and gender",38296005,0.332910406559486,"both"
"cholera-campaign-default","Cholera: Cholera, with, campaign","Cholera","total","campaign","CMR","Cameroon",2040,1,100,"default age and gender",40771711,0.332910406559486,"both"
"cholera-campaign-default","Cholera: Cholera, with, campaign","Cholera","total","campaign","COD","Congo, the Democratic Republic of the",2025,1,100,"default age and gender",100447606,0.298517139646002,"both"
"cholera-campaign-default","Cholera: Cholera, with, campaign","Cholera","total","campaign","COD","Congo, the Democratic Republic of the",2028,1,100,"default age and gender",109618181,0.298517139646002,"both"
"cholera-campaign-default","Cholera: Cholera, with, campaign","Cholera","total","campaign","COD","Congo, the Democratic Republic of the",2031,1,100,"default age and gender",119296167,0.298517139646002,"both"
"cholera-campaign-default","Cholera: Cholera, with, campaign","Cholera","total","campaign","COD","Congo, the Democratic Republic of the",2034,1,100,"default age and gender",129477684,0.298517139646002,"both"
"cholera-campaign-default","Cholera: Cholera, with, campaign","Cholera","total","campaign","COD","Congo, the Democratic Republic of the",2037,1,100,"default age and gender",140103097,0.298517139646002,"both"
"cholera-campaign-default","Cholera: Cholera, with, campaign","Cholera","total","campaign","COD","Congo, the Democratic Republic of the",2040,1,100,"default age and gender",151101392,0.298517139646002,"both"
"cholera-campaign-default","Cholera: Cholera, with, campaign","Cholera","total","campaign","COG","Congo",2025,1,100,"default age and gender",6049095,0.183591331511663,"both"
"cholera-campaign-default","Cholera: Cholera, with, campaign","Cholera","total","campaign","COG","Congo",2028,1,100,"default age and gender",6501594,0.183591331511663,"both"
"cholera-campaign-default","Cholera: Cholera, with, campaign","Cholera","total","campaign","COG","Congo",2031,1,100,"default age and gender",6979158,0.183591331511663,"both"
"cholera-campaign-default","Cholera: Cholera, with, campaign","Cholera","total","campaign","COG","Congo",2034,1,100,"default age and gender",7479581,0.183591331511663,"both"
"cholera-campaign-default","Cholera: Cholera, with, campaign","Cholera","total","campaign","COG","Congo",2037,1,100,"default age and gender",8001283,0.183591331511663,"both"
"cholera-campaign-default","Cholera: Cholera, with, campaign","Cholera","total","campaign","COG","Congo",2040,1,100,"default age and gender",8541533,0.183591331511663,"both"
"cholera-campaign-default","Cholera: Cholera, with, campaign","Cholera","total","campaign","DZA","Algeria",2025,1,100,"default age and gender",46563977,0.085,"both"
"cholera-campaign-default","Cholera: Cholera, with, campaign","Cholera","total","campaign","DZA","Algeria",2028,1,100,"default age and gender",48410020,0.085,"both"
"cholera-campaign-default","Cholera: Cholera, with, campaign","Cholera","total","campaign","DZA","Algeria",2031,1,100,"default age and gender",50083357,0.085,"both"
"cholera-campaign-default","Cholera: Cholera, with, campaign","Cholera","total","campaign","DZA","Algeria",2034,1,100,"default age and gender",51688385,0.085,"both"
"cholera-campaign-default","Cholera: Cholera, with, campaign","Cholera","total","campaign","DZA","Algeria",2037,1,100,"default age and gender",53239167,0.085,"both"
"cholera-campaign-default","Cholera: Cholera, with, campaign","Cholera","total","campaign","DZA","Algeria",2040,1,100,"default age and gender",54782879,0.085,"both"
"cholera-campaign-default","Cholera: Cholera, with, campaign","Cholera","total","campaign","ETH","Ethiopia",2025,1,100,"default age and gender",126096266,0.0829258595147117,"both"
"cholera-campaign-default","Cholera: Cholera, with, campaign","Cholera","total","campaign","ETH","Ethiopia",2028,1,100,"default age and gender",135124150,0.0829258595147117,"both"
"cholera-campaign-default","Cholera: Cholera, with, campaign","Cholera","total","campaign","ETH","Ethiopia",2031,1,100,"default age and gender",144240703,0.0829258595147117,"both"
"cholera-campaign-default","Cholera: Cholera, with, campaign","Cholera","total","campaign","ETH","Ethiopia",2034,1,100,"default age and gender",153372188,0.0829258595147117,"both"
"cholera-campaign-default","Cholera: Cholera, with, campaign","Cholera","total","campaign","ETH","Ethiopia",2037,1,100,"default age and gender",162492652,0.0829258595147117,"both"
"cholera-campaign-default","Cholera: Cholera, with, campaign","Cholera","total","campaign","ETH","Ethiopia",2040,1,100,"default age and gender",171587155,0.0829258595147117,"both"
"cholera-campaign-default","Cholera: Cholera, with, campaign","Cholera","total","campaign","GHA","Ghana",2025,1,100,"default age and gender",33510297,0.343029928267688,"both"
"cholera-campaign-default","Cholera: Cholera, with, campaign","Cholera","total","campaign","GHA","Ghana",2028,1,100,"default age and gender",35533853,0.343029928267688,"both"
"cholera-campaign-default","Cholera: Cholera, with, campaign","Cholera","total","campaign","GHA","Ghana",2031,1,100,"default age and gender",37587315,0.343029928267688,"both"
"cholera-campaign-default","Cholera: Cholera, with, campaign","Cholera","total","campaign","GHA","Ghana",2034,1,100,"default age and gender",39661132,0.343029928267688,"both"
"cholera-campaign-default","Cholera: Cholera, with, campaign","Cholera","total","campaign","GHA","Ghana",2037,1,100,"default age and gender",41756470,0.343029928267688,"both"
"cholera-campaign-default","Cholera: Cholera, with, campaign","Cholera","total","campaign","GHA","Ghana",2040,1,100,"default age and gender",43869440,0.343029928267688,"both"
"cholera-campaign-default","Cholera: Cholera, with, campaign","Cholera","total","campaign","GIN","Guinea",2025,1,100,"default age and gender",14524168,0.224514670331159,"both"
"cholera-campaign-default","Cholera: Cholera, with, campaign","Cholera","total","campaign","GIN","Guinea",2028,1,100,"default age and gender",15699488,0.224514670331159,"both"
"cholera-campaign-default","Cholera: Cholera, with, campaign","Cholera","total","campaign","GIN","Guinea",2031,1,100,"default age and gender",16921313,0.224514670331159,"both"
"cholera-campaign-default","Cholera: Cholera, with, campaign","Cholera","total","campaign","GIN","Guinea",2034,1,100,"default age and gender",18182560,0.224514670331159,"both"
"cholera-campaign-default","Cholera: Cholera, with, campaign","Cholera","total","campaign","GIN","Guinea",2037,1,100,"default age and gender",19477187,0.224514670331159,"both"
"cholera-campaign-default","Cholera: Cholera, with, campaign","Cholera","total","campaign","GIN","Guinea",2040,1,100,"default age and gender",20800137,0.224514670331159,"both"
"cholera-campaign-default","Cholera: Cholera, with, campaign","Cholera","total","campaign","GNB","Guinea-Bissau",2025,1,100,"default age and gender",2143341,0.380530811286851,"both"
"cholera-campaign-default","Cholera: Cholera, with, campaign","Cholera","total","campaign","GNB","Guinea-Bissau",2028,1,100,"default age and gender",2291108,0.380530811286851,"both"
"cholera-campaign-default","Cholera: Cholera, with, campaign","Cholera","total","campaign","GNB","Guinea-Bissau",2031,1,100,"default age and gender",2442807,0.380530811286851,"both"
"cholera-campaign-default","Cholera: Cholera, with, campaign","Cholera","total","campaign","GNB","Guinea-Bissau",2034,1,100,"default age and gender",2598494,0.380530811286851,"both"
"cholera-campaign-default","Cholera: Cholera, with, campaign","Cholera","total","campaign","GNB","Guinea-Bissau",2037,1,100,"default age and gender",2757760,0.380530811286851,"both"
"cholera-campaign-default","Cholera: Cholera, with, campaign","Cholera","total","campaign","GNB","Guinea-Bissau",2040,1,100,"default age and gender",2920246,0.380530811286851,"both"
"cholera-campaign-default","Cholera: Cholera, with, campaign","Cholera","total","campaign","HTI","Haiti",2025,1,100,"default age and gender",11837501,0.51,"both"
"cholera-campaign-default","Cholera: Cholera, with, campaign","Cholera","total","campaign","HTI","Haiti",2028,1,100,"default age and gender",12232381,0.51,"both"
"cholera-campaign-default","Cholera: Cholera, with, campaign","Cholera","total","campaign","HTI","Haiti",2031,1,100,"default age and gender",12612834,0.51,"both"
"cholera-campaign-default","Cholera: Cholera, with, campaign","Cholera","total","campaign","HTI","Haiti",2034,1,100,"default age and gender",12979895,0.51,"both"
"cholera-campaign-default","Cholera: Cholera, with, campaign","Cholera","total","campaign","HTI","Haiti",2037,1,100,"default age and gender",13337058,0.51,"both"
"cholera-campaign-default","Cholera: Cholera, with, campaign","Cholera","total","campaign","HTI","Haiti",2040,1,100,"default age and gender",13679975,0.51,"both"
"cholera-campaign-default","Cholera: Cholera, with, campaign","Cholera","total","campaign","IND","India",2025,1,100,"default age and gender",1421878603,0.22223437601482,"both"
"cholera-campaign-default","Cholera: Cholera, with, campaign","Cholera","total","campaign","IND","India",2028,1,100,"default age and gender",1458189074,0.22223437601482,"both"
"cholera-campaign-default","Cholera: Cholera, with, campaign","Cholera","total","campaign","IND","India",2031,1,100,"default age and gender",1491759582,0.22223437601482,"both"
"cholera-campaign-default","Cholera: Cholera, with, campaign","Cholera","total","campaign","IND","India",2034,1,100,"default age and gender",1522353366,0.22223437601482,"both"
"cholera-campaign-default","Cholera: Cholera, with, campaign","Cholera","total","campaign","IND","India",2037,1,100,"default age and gender",1549193043,0.22223437601482,"both"
"cholera-campaign-default","Cholera: Cholera, with, campaign","Cholera","total","campaign","IND","India",2040,1,100,"default age and gender",1571966307,0.22223437601482,"both"
"cholera-campaign-default","Cholera: Cholera, with, campaign","Cholera","total","campaign","IRN","Iran, Islamic Republic of",2025,1,100,"default age and gender",87542164,0.00147181895285739,"both"
"cholera-campaign-default","Cholera: Cholera, with, campaign","Cholera","total","campaign","IRN","Iran, Islamic Republic of",2028,1,100,"default age and gender",89978278,0.00147181895285739,"both"
"cholera-campaign-default","Cholera: Cholera, with, campaign","Cholera","total","campaign","IRN","Iran, Islamic Republic of",2031,1,100,"default age and gender",92098813,0.00147181895285739,"both"
"cholera-campaign-default","Cholera: Cholera, with, campaign","Cholera","total","campaign","IRN","Iran, Islamic Republic of",2034,1,100,"default age and gender",94053804,0.00147181895285739,"both"
"cholera-campaign-default","Cholera: Cholera, with, campaign","Cholera","total","campaign","IRN","Iran, Islamic Republic of",2037,1,100,"default age and gender",95800159,0.00147181895285739,"both"
"cholera-campaign-default","Cholera: Cholera, with, campaign","Cholera","total","campaign","IRN","Iran, Islamic Republic of",2040,1,100,"default age and gender",97386061,0.00147181895285739,"both"
"cholera-campaign-default","Cholera: Cholera, with, campaign","Cholera","total","campaign","IRQ","Iraq",2025,1,100,"default age and gender",43974392,0.0556384865344593,"both"
"cholera-campaign-default","Cholera: Cholera, with, campaign","Cholera","total","campaign","IRQ","Iraq",2028,1,100,"default age and gender",46949900,0.0556384865344593,"both"
"cholera-campaign-default","Cholera: Cholera, with, campaign","Cholera","total","campaign","IRQ","Iraq",2031,1,100,"default age and gender",49974101,0.0556384865344593,"both"
"cholera-campaign-default","Cholera: Cholera, with, campaign","Cholera","total","campaign","IRQ","Iraq",2034,1,100,"default age and gender",53024727,0.0556384865344593,"both"
"cholera-campaign-default","Cholera: Cholera, with, campaign","Cholera","total","campaign","IRQ","Iraq",2037,1,100,"default age and gender",56118935,0.0556384865344593,"both"
"cholera-campaign-default","Cholera: Cholera, with, campaign","Cholera","total","campaign","IRQ","Iraq",2040,1,100,"default age and gender",59241196,0.0556384865344593,"both"
"cholera-campaign-default","Cholera: Cholera, with, campaign","Cholera","total","campaign","KEN","Kenya",2025,1,100,"default age and gender",58391995,0.0770136648824115,"both"
"cholera-campaign-default","Cholera: Cholera, with, campaign","Cholera","total","campaign","KEN","Kenya",2028,1,100,"default age and gender",62228274,0.0770136648824115,"both"
"cholera-campaign-default","Cholera: Cholera, with, campaign","Cholera","total","campaign","KEN","Kenya",2031,1,100,"default age and gender",66137107,0.0770136648824115,"both"
"cholera-campaign-default","Cholera: Cholera, with, campaign","Cholera","total","campaign","KEN","Kenya",2034,1,100,"default age and gender",70044192,0.0770136648824115,"both"
"cholera-campaign-default","Cholera: Cholera, with, campaign","Cholera","total","campaign","KEN","Kenya",2037,1,100,"default age and gender",73941032,0.0770136648824115,"both"
"cholera-campaign-default","Cholera: Cholera, with, campaign","Cholera","total","campaign","KEN","Kenya",2040,1,100,"default age and gender",77786293,0.0770136648824115,"both"
"cholera-campaign-default","Cholera: Cholera, with, campaign","Cholera","total","campaign","LBR","Liberia",2025,1,100,"default age and gender",5524152,0.0361444133055281,"both"
"cholera-campaign-default","Cholera: Cholera, with, campaign","Cholera","total","campaign","LBR","Liberia",2028,1,100,"default age and gender",5920830,0.0361444133055281,"both"
"cholera-campaign-default","Cholera: Cholera, with, campaign","Cholera","total","campaign","LBR","Liberia",2031,1,100,"default age and gender",6332068,0.0361444133055281,"both"
"cholera-campaign-default","Cholera: Cholera, with, campaign","Cholera","total","campaign","LBR","Liberia",2034,1,100,"default age and gender",6754756,0.0361444133055281,"both"
"cholera-campaign-default","Cholera: Cholera, with, campaign","Cholera","total","campaign","LBR","Liberia",2037,1,100,"default age and gender",7187498,0.0361444133055281,"both"
"cholera-campaign-default","Cholera: Cholera, with, campaign","Cholera","total","campaign","LBR","Liberia",2040,1,100,"default age and gender",7628365,0.0361444133055281,"both"
"cholera-campaign-default","Cholera: Cholera, with, campaign","Cholera","total","campaign","MDG","Madagascar",2025,1,100,"default age and gender",30572472,0,"both"
"cholera-campaign-default","Cholera: Cholera, with, campaign","Cholera","total","campaign","MDG","Madagascar",2028,1,100,"default age and gender",32969323,0,"both"
"cholera-campaign-default","Cholera: Cholera, with, campaign","Cholera","total","campaign","MDG","Madagascar",2031,1,100,"default age and gender",35455775,0,"both"
"cholera-campaign-default","Cholera: Cholera, with, campaign","Cholera","total","campaign","MDG","Madagascar",2034,1,100,"default age and gender",38019128,0,"both"
"cholera-campaign-default","Cholera: Cholera, with, campaign","Cholera","total","campaign","MDG","Madagascar",2037,1,100,"default age and gender",40649732,0,"both"
"cholera-campaign-default","Cholera: Cholera, with, campaign","Cholera","total","campaign","MDG","Madagascar",2040,1,100,"default age and gender",43346763,0,"both"
"cholera-campaign-default","Cholera: Cholera, with, campaign","Cholera","total","campaign","MLI","Mali",2025,1,100,"default age and gender",22568244,0.0467185642295474,"both"
"cholera-campaign-default","Cholera: Cholera, with, campaign","Cholera","total","campaign","MLI","Mali",2028,1,100,"default age and gender",24599833,0.0467185642295474,"both"
"cholera-campaign-default","Cholera: Cholera, with, campaign","Cholera","total","campaign","MLI","Mali",2031,1,100,"default age and gender",26760399,0.0467185642295474,"both"
"cholera-campaign-default","Cholera: Cholera, with, campaign","Cholera","total","campaign","MLI","Mali",2034,1,100,"default age and gender",29038286,0.0467185642295474,"both"
"cholera-campaign-default","Cholera: Cholera, with, campaign","Cholera","total","campaign","MLI","Mali",2037,1,100,"default age and gender",31415443,0.0467185642295474,"both"
"cholera-campaign-default","Cholera: Cholera, with, campaign","Cholera","total","campaign","MLI","Mali",2040,1,100,"default age and gender",33874459,0.0467185642295474,"both"
"cholera-campaign-default","Cholera: Cholera, with, campaign","Cholera","total","campaign","MOZ","Mozambique",2025,1,100,"default age and gender",34784100,0.057149906499413,"both"
"cholera-campaign-default","Cholera: Cholera, with, campaign","Cholera","total","campaign","MOZ","Mozambique",2028,1,100,"default age and gender",37793222,0.057149906499413,"both"
"cholera-campaign-default","Cholera: Cholera, with, campaign","Cholera","total","campaign","MOZ","Mozambique",2031,1,100,"default age and gender",40960216,0.057149906499413,"both"
"cholera-campaign-default","Cholera: Cholera, with, campaign","Cholera","total","campaign","MOZ","Mozambique",2034,1,100,"default age and gender",44267115,0.057149906499413,"both"
"cholera-campaign-default","Cholera: Cholera, with, campaign","Cholera","total","campaign","MOZ","Mozambique",2037,1,100,"default age and gender",47703825,0.057149906499413,"both"
"cholera-campaign-default","Cholera: Cholera, with, campaign","Cholera","total","campaign","MOZ","Mozambique",2040,1,100,"default age and gender",51256031,0.057149906499413,"both"
"cholera-campaign-default","Cholera: Cholera, with, campaign","Cholera","total","campaign","MRT","Mauritania",2025,1,100,"default age and gender",5135521,0.00937098517946,"both"
"cholera-campaign-default","Cholera: Cholera, with, campaign","Cholera","total","campaign","MRT","Mauritania",2028,1,100,"default age and gender",5529990,0.00937098517946,"both"
"cholera-campaign-default","Cholera: Cholera, with, campaign","Cholera","total","campaign","MRT","Mauritania",2031,1,100,"default age and gender",5937867,0.00937098517946,"both"
"cholera-campaign-default","Cholera: Cholera, with, campaign","Cholera","total","campaign","MRT","Mauritania",2034,1,100,"default age and gender",6359103,0.00937098517946,"both"
"cholera-campaign-default","Cholera: Cholera, with, campaign","Cholera","total","campaign","MRT","Mauritania",2037,1,100,"default age and gender",6793557,0.00937098517946,"both"
"cholera-campaign-default","Cholera: Cholera, with, campaign","Cholera","total","campaign","MRT","Mauritania",2040,1,100,"default age and gender",7240917,0.00937098517946,"both"
"cholera-campaign-default","Cholera: Cholera, with, campaign","Cholera","total","campaign","MWI","Malawi",2025,1,100,"default age and gender",21166264,0.0504866499500062,"both"
"cholera-campaign-default","Cholera: Cholera, with, campaign","Cholera","total","campaign","MWI","Malawi",2028,1,100,"default age and gender",22911218,0.0504866499500062,"both"
"cholera-campaign-default","Cholera: Cholera, with, campaign","Cholera","total","campaign","MWI","Malawi",2031,1,100,"default age and gender",24736870,0.0504866499500062,"both"
"cholera-campaign-default","Cholera: Cholera, with, campaign","Cholera","total","campaign","MWI","Malawi",2034,1,100,"default age and gender",26615997,0.0504866499500062,"both"
"cholera-campaign-default","Cholera: Cholera, with, campaign","Cholera","total","campaign","MWI","Malawi",2037,1,100,"default age and gender",28543821,0.0504866499500062,"both"
"cholera-campaign-default","Cholera: Cholera, with, campaign","Cholera","total","campaign","MWI","Malawi",2040,1,100,"default age and gender",30512395,0.0504866499500062,"both"
"cholera-campaign-default","Cholera: Cholera, with, campaign","Cholera","total","campaign","NAM","Namibia",2025,1,100,"default age and gender",2705741,0.207286984737161,"both"
"cholera-campaign-default","Cholera: Cholera, with, campaign","Cholera","total","campaign","NAM","Namibia",2028,1,100,"default age and gender",2846717,0.207286984737161,"both"
"cholera-campaign-default","Cholera: Cholera, with, campaign","Cholera","total","campaign","NAM","Namibia",2031,1,100,"default age and gender",2988928,0.207286984737161,"both"
"cholera-campaign-default","Cholera: Cholera, with, campaign","Cholera","total","campaign","NAM","Namibia",2034,1,100,"default age and gender",3132435,0.207286984737161,"both"
"cholera-campaign-default","Cholera: Cholera, with, campaign","Cholera","total","campaign","NAM","Namibia",2037,1,100,"default age and gender",3277511,0.207286984737161,"both"
"cholera-campaign-default","Cholera: Cholera, with, campaign","Cholera","total","campaign","NAM","Namibia",2040,1,100,"default age and gender",3423643,0.207286984737161,"both"
"cholera-campaign-default","Cholera: Cholera, with, campaign","Cholera","total","campaign","NER","Niger",2025,1,100,"default age and gender",27926438,0.081081963553834,"both"
"cholera-campaign-default","Cholera: Cholera, with, campaign","Cholera","total","campaign","NER","Niger",2028,1,100,"default age and gender",31154417,0.081081963553834,"both"
"cholera-campaign-default","Cholera: Cholera, with, campaign","Cholera","total","campaign","NER","Niger",2031,1,100,"default age and gender",34678266,0.081081963553834,"both"
"cholera-campaign-default","Cholera: Cholera, with, campaign","Cholera","total","campaign","NER","Niger",2034,1,100,"default age and gender",38500598,0.081081963553834,"both"
"cholera-campaign-default","Cholera: Cholera, with, campaign","Cholera","total","campaign","NER","Niger",2037,1,100,"default age and gender",42617103,0.081081963553834,"both"
"cholera-campaign-default","Cholera: Cholera, with, campaign","Cholera","total","campaign","NER","Niger",2040,1,100,"default age and gender",47017269,0.081081963553834,"both"
"cholera-campaign-default","Cholera: Cholera, with, campaign","Cholera","total","campaign","NGA","Nigeria",2025,1,100,"default age and gender",225604000,0.0626796501137687,"both"
"cholera-campaign-default","Cholera: Cholera, with, campaign","Cholera","total","campaign","NGA","Nigeria",2028,1,100,"default age and gender",242716779,0.0626796501137687,"both"
"cholera-campaign-default","Cholera: Cholera, with, campaign","Cholera","total","campaign","NGA","Nigeria",2031,1,100,"default age and gender",260715661,0.0626796501137687,"both"
"cholera-campaign-default","Cholera: Cholera, with, campaign","Cholera","total","campaign","NGA","Nigeria",2034,1,100,"default age and gender",279567693,0.0626796501137687,"both"
"cholera-campaign-default","Cholera: Cholera, with, campaign","Cholera","total","campaign","NGA","Nigeria",2037,1,100,"default age and gender",299214999,0.0626796501137687,"both"
"cholera-campaign-default","Cholera: Cholera, with, campaign","Cholera","total","campaign","NGA","Nigeria",2040,1,100,"default age and gender",319566599,0.0626796501137687,"both"
"cholera-campaign-default","Cholera: Cholera, with, campaign","Cholera","total","campaign","NPL","Nepal",2025,1,100,"default age and gender",31203397,0.085,"both"
"cholera-campaign-default","Cholera: Cholera, with, campaign","Cholera","total","campaign","NPL","Nepal",2028,1,100,"default age and gender",32350937,0.085,"both"
"cholera-campaign-default","Cholera: Cholera, with, campaign","Cholera","total","campaign","NPL","Nepal",2031,1,100,"default age and gender",33159414,0.085,"both"
"cholera-campaign-default","Cholera: Cholera, with, campaign","Cholera","total","campaign","NPL","Nepal",2034,1,100,"default age and gender",33708297,0.085,"both"
"cholera-campaign-default","Cholera: Cholera, with, campaign","Cholera","total","campaign","NPL","Nepal",2037,1,100,"default age and gender",34144389,0.085,"both"
"cholera-campaign-default","Cholera: Cholera, with, campaign","Cholera","total","campaign","NPL","Nepal",2040,1,100,"default age and gender",34495775,0.085,"both"
"cholera-campaign-default","Cholera: Cholera, with, campaign","Cholera","total","campaign","PAK","Pakistan",2025,1,100,"default age and gender",236641759,0.11708128447477,"both"
"cholera-campaign-default","Cholera: Cholera, with, campaign","Cholera","total","campaign","PAK","Pakistan",2028,1,100,"default age and gender",249096634,0.11708128447477,"both"
"cholera-campaign-default","Cholera: Cholera, with, campaign","Cholera","total","campaign","PAK","Pakistan",2031,1,100,"default age and gender",261264912,0.11708128447477,"both"
"cholera-campaign-default","Cholera: Cholera, with, campaign","Cholera","total","campaign","PAK","Pakistan",2034,1,100,"default age and gender",273228743,0.11708128447477,"both"
"cholera-campaign-default","Cholera: Cholera, with, campaign","Cholera","total","campaign","PAK","Pakistan",2037,1,100,"default age and gender",284892795,0.11708128447477,"both"
"cholera-campaign-default","Cholera: Cholera, with, campaign","Cholera","total","campaign","PAK","Pakistan",2040,1,100,"default age and gender",296298046,0.11708128447477,"both"
"cholera-campaign-default","Cholera: Cholera, with, campaign","Cholera","total","campaign","PHL","Philippines",2025,1,100,"default age and gender",114509598,0.085,"both"
"cholera-campaign-default","Cholera: Cholera, with, campaign","Cholera","total","campaign","PHL","Philippines",2028,1,100,"default age and gender",118758226,0.085,"both"
"cholera-campaign-default","Cholera: Cholera, with, campaign","Cholera","total","campaign","PHL","Philippines",2031,1,100,"default age and gender",122868018,0.085,"both"
"cholera-campaign-default","Cholera: Cholera, with, campaign","Cholera","total","campaign","PHL","Philippines",2034,1,100,"default age and gender",126658323,0.085,"both"
"cholera-campaign-default","Cholera: Cholera, with, campaign","Cholera","total","campaign","PHL","Philippines",2037,1,100,"default age and gender",130216229,0.085,"both"
"cholera-campaign-default","Cholera: Cholera, with, campaign","Cholera","total","campaign","PHL","Philippines",2040,1,100,"default age and gender",133518440,0.085,"both"
"cholera-campaign-default","Cholera: Cholera, with, campaign","Cholera","total","campaign","RWA","Rwanda",2025,1,100,"default age and gender",14192045,0,"both"
"cholera-campaign-default","Cholera: Cholera, with, campaign","Cholera","total","campaign","RWA","Rwanda",2028,1,100,"default age and gender",15166447,0,"both"
"cholera-campaign-default","Cholera: Cholera, with, campaign","Cholera","total","campaign","RWA","Rwanda",2031,1,100,"default age and gender",16150398,0,"both"
"cholera-campaign-default","Cholera: Cholera, with, campaign","Cholera","total","campaign","RWA","Rwanda",2034,1,100,"default age and gender",17157067,0,"both"
"cholera-campaign-default","Cholera: Cholera, with, campaign","Cholera","total","campaign","RWA","Rwanda",2037,1,100,"default age and gender",18171849,0,"both"
"cholera-campaign-default","Cholera: Cholera, with, campaign","Cholera","total","campaign","RWA","Rwanda",2040,1,100,"default age and gender",19193062,0,"both"
"cholera-campaign-default","Cholera: Cholera, with, campaign","Cholera","total","campaign","SEN","Senegal",2025,1,100,"default age and gender",18480434,0,"both"
"cholera-campaign-default","Cholera: Cholera, with, campaign","Cholera","total","campaign","SEN","Senegal",2028,1,100,"default age and gender",19928094,0,"both"
"cholera-campaign-default","Cholera: Cholera, with, campaign","Cholera","total","campaign","SEN","Senegal",2031,1,100,"default age and gender",21441107,0,"both"
"cholera-campaign-default","Cholera: Cholera, with, campaign","Cholera","total","campaign","SEN","Senegal",2034,1,100,"default age and gender",23017307,0,"both"
"cholera-campaign-default","Cholera: Cholera, with, campaign","Cholera","total","campaign","SEN","Senegal",2037,1,100,"default age and gender",24662020,0,"both"
"cholera-campaign-default","Cholera: Cholera, with, campaign","Cholera","total","campaign","SEN","Senegal",2040,1,100,"default age and gender",26370669,0,"both"
"cholera-campaign-default","Cholera: Cholera, with, campaign","Cholera","total","campaign","SLE","Sierra Leone",2025,1,100,"default age and gender",8561081,0.556399137708968,"both"
"cholera-campaign-default","Cholera: Cholera, with, campaign","Cholera","total","campaign","SLE","Sierra Leone",2028,1,100,"default age and gender",9061822,0.556399137708968,"both"
"cholera-campaign-default","Cholera: Cholera, with, campaign","Cholera","total","campaign","SLE","Sierra Leone",2031,1,100,"default age and gender",9565895,0.556399137708968,"both"
"cholera-campaign-default","Cholera: Cholera, with, campaign","Cholera","total","campaign","SLE","Sierra Leone",2034,1,100,"default age and gender",10072882,0.556399137708968,"both"
"cholera-campaign-default","Cholera: Cholera, with, campaign","Cholera","total","campaign","SLE","Sierra Leone",2037,1,100,"default age and gender",10578900,0.556399137708968,"both"
"cholera-campaign-default","Cholera: Cholera, with, campaign","Cholera","total","campaign","SLE","Sierra Leone",2040,1,100,"default age and gender",11080960,0.556399137708968,"both"
"cholera-campaign-default","Cholera: Cholera, with, campaign","Cholera","total","campaign","SOM","Somalia",2025,1,100,"default age and gender",17688758,0.386659667415144,"both"
"cholera-campaign-default","Cholera: Cholera, with, campaign","Cholera","total","campaign","SOM","Somalia",2028,1,100,"default age and gender",19295776,0.386659667415144,"both"
"cholera-campaign-default","Cholera: Cholera, with, campaign","Cholera","total","campaign","SOM","Somalia",2031,1,100,"default age and gender",21012422,0.386659667415144,"both"
"cholera-campaign-default","Cholera: Cholera, with, campaign","Cholera","total","campaign","SOM","Somalia",2034,1,100,"default age and gender",22830281,0.386659667415144,"both"
"cholera-campaign-default","Cholera: Cholera, with, campaign","Cholera","total","campaign","SOM","Somalia",2037,1,100,"default age and gender",24731936,0.386659667415144,"both"
"cholera-campaign-default","Cholera: Cholera, with, campaign","Cholera","total","campaign","SOM","Somalia",2040,1,100,"default age and gender",26711513,0.386659667415144,"both"
"cholera-campaign-default","Cholera: Cholera, with, campaign","Cholera","total","campaign","SSD","South Sudan",2025,1,100,"default age and gender",12075530,0.118213487910974,"both"
"cholera-campaign-default","Cholera: Cholera, with, campaign","Cholera","total","campaign","SSD","South Sudan",2028,1,100,"default age and gender",12886377,0.118213487910974,"both"
"cholera-campaign-default","Cholera: Cholera, with, campaign","Cholera","total","campaign","SSD","South Sudan",2031,1,100,"default age and gender",13728477,0.118213487910974,"both"
"cholera-campaign-default","Cholera: Cholera, with, campaign","Cholera","total","campaign","SSD","South Sudan",2034,1,100,"default age and gender",14610895,0.118213487910974,"both"
"cholera-campaign-default","Cholera: Cholera, with, campaign","Cholera","total","campaign","SSD","South Sudan",2037,1,100,"default age and gender",15511404,0.118213487910974,"both"
"cholera-campaign-default","Cholera: Cholera, with, campaign","Cholera","total","campaign","SSD","South Sudan",2040,1,100,"default age and gender",16423152,0.118213487910974,"both"
"cholera-campaign-default","Cholera: Cholera, with, campaign","Cholera","total","campaign","TCD","Chad",2025,1,100,"default age and gender",18278460,0.302398091651371,"both"
"cholera-campaign-default","Cholera: Cholera, with, campaign","Cholera","total","campaign","TCD","Chad",2028,1,100,"default age and gender",19862741,0.302398091651371,"both"
"cholera-campaign-default","Cholera: Cholera, with, campaign","Cholera","total","campaign","TCD","Chad",2031,1,100,"default age and gender",21515136,0.302398091651371,"both"
"cholera-campaign-default","Cholera: Cholera, with, campaign","Cholera","total","campaign","TCD","Chad",2034,1,100,"default age and gender",23230957,0.302398091651371,"both"
"cholera-campaign-default","Cholera: Cholera, with, campaign","Cholera","total","campaign","TCD","Chad",2037,1,100,"default age and gender",25002297,0.302398091651371,"both"
"cholera-campaign-default","Cholera: Cholera, with, campaign","Cholera","total","campaign","TCD","Chad",2040,1,100,"default age and gender",26821511,0.302398091651371,"both"
"cholera-campaign-default","Cholera: Cholera, with, campaign","Cholera","total","campaign","TGO","Togo",2025,1,100,"default age and gender",9033688,0.0686194173027018,"both"
"cholera-campaign-default","Cholera: Cholera, with, campaign","Cholera","total","campaign","TGO","Togo",2028,1,100,"default age and gender",9679198,0.0686194173027018,"both"
"cholera-campaign-default","Cholera: Cholera, with, campaign","Cholera","total","campaign","TGO","Togo",2031,1,100,"default age and gender",10354045,0.0686194173027018,"both"
"cholera-campaign-default","Cholera: Cholera, with, campaign","Cholera","total","campaign","TGO","Togo",2034,1,100,"default age and gender",11055286,0.0686194173027018,"both"
"cholera-campaign-default","Cholera: Cholera, with, campaign","Cholera","total","campaign","TGO","Togo",2037,1,100,"default age and gender",11778033,0.0686194173027018,"both"
"cholera-campaign-default","Cholera: Cholera, with, campaign","Cholera","total","campaign","TGO","Togo",2040,1,100,"default age and gender",12517891,0.0686194173027018,"both"
"cholera-campaign-default","Cholera: Cholera, with, campaign","Cholera","total","campaign","THA","Thailand",2025,1,100,"default age and gender",69690801,0.085,"both"
"cholera-campaign-default","Cholera: Cholera, with, campaign","Cholera","total","campaign","THA","Thailand",2028,1,100,"default age and gender",69778294,0.085,"both"
"cholera-campaign-default","Cholera: Cholera, with, campaign","Cholera","total","campaign","THA","Thailand",2031,1,100,"default age and gender",69689022,0.085,"both"
"cholera-campaign-default","Cholera: Cholera, with, campaign","Cholera","total","campaign","THA","Thailand",2034,1,100,"default age and gender",69438464,0.085,"both"
"cholera-campaign-default","Cholera: Cholera, with, campaign","Cholera","total","campaign","THA","Thailand",2037,1,100,"default age and gender",69025042,0.085,"both"
"cholera-campaign-default","Cholera: Cholera, with, campaign","Cholera","total","campaign","THA","Thailand",2040,1,100,"default age and gender",68451247,0.085,"both"
"cholera-campaign-default","Cholera: Cholera, with, campaign","Cholera","total","campaign","TZA","Tanzania, United Republic of",2025,1,100,"default age and gender",66660372,0.1888786099552,"both"
"cholera-campaign-default","Cholera: Cholera, with, campaign","Cholera","total","campaign","TZA","Tanzania, United Republic of",2028,1,100,"default age and gender",72527613,0.1888786099552,"both"
"cholera-campaign-default","Cholera: Cholera, with, campaign","Cholera","total","campaign","TZA","Tanzania, United Republic of",2031,1,100,"default age and gender",78766933,0.1888786099552,"both"
"cholera-campaign-default","Cholera: Cholera, with, campaign","Cholera","total","campaign","TZA","Tanzania, United Republic of",2034,1,100,"default age and gender",85377239,0.1888786099552,"both"
"cholera-campaign-default","Cholera: Cholera, with, campaign","Cholera","total","campaign","TZA","Tanzania, United Republic of",2037,1,100,"default age and gender",92332598,0.1888786099552,"both"
"cholera-campaign-default","Cholera: Cholera, with, campaign","Cholera","total","campaign","TZA","Tanzania, United Republic of",2040,1,100,"default age and gender",99610297,0.1888786099552,"both"
"cholera-campaign-default","Cholera: Cholera, with, campaign","Cholera","total","campaign","UGA","Uganda",2025,1,100,"default age and gender",50636577,0.04726104699277,"both"
"cholera-campaign-default","Cholera: Cholera, with, campaign","Cholera","total","campaign","UGA","Uganda",2028,1,100,"default age and gender",54777516,0.04726104699277,"both"
"cholera-campaign-default","Cholera: Cholera, with, campaign","Cholera","total","campaign","UGA","Uganda",2031,1,100,"default age and gender",59112597,0.04726104699277,"both"
"cholera-campaign-default","Cholera: Cholera, with, campaign","Cholera","total","campaign","UGA","Uganda",2034,1,100,"default age and gender",63569604,0.04726104699277,"both"
"cholera-campaign-default","Cholera: Cholera, with, campaign","Cholera","total","campaign","UGA","Uganda",2037,1,100,"default age and gender",68073216,0.04726104699277,"both"
"cholera-campaign-default","Cholera: Cholera, with, campaign","Cholera","total","campaign","UGA","Uganda",2040,1,100,"default age and gender",72589755,0.04726104699277,"both"
"cholera-campaign-default","Cholera: Cholera, with, campaign","Cholera","total","campaign","YEM","Yemen",2025,1,100,"default age and gender",32290000,0.163342051909876,"both"
"cholera-campaign-default","Cholera: Cholera, with, campaign","Cholera","total","campaign","YEM","Yemen",2028,1,100,"default age and gender",34255579,0.163342051909876,"both"
"cholera-campaign-default","Cholera: Cholera, with, campaign","Cholera","total","campaign","YEM","Yemen",2031,1,100,"default age and gender",36201643,0.163342051909876,"both"
"cholera-campaign-default","Cholera: Cholera, with, campaign","Cholera","total","campaign","YEM","Yemen",2034,1,100,"default age and gender",38115674,0.163342051909876,"both"
"cholera-campaign-default","Cholera: Cholera, with, campaign","Cholera","total","campaign","YEM","Yemen",2037,1,100,"default age and gender",39998507,0.163342051909876,"both"
"cholera-campaign-default","Cholera: Cholera, with, campaign","Cholera","total","campaign","YEM","Yemen",2040,1,100,"default age and gender",41829312,0.163342051909876,"both"
"cholera-campaign-default","Cholera: Cholera, with, campaign","Cholera","total","campaign","ZAF","South Africa",2025,1,100,"default age and gender",61668203,0,"both"
"cholera-campaign-default","Cholera: Cholera, with, campaign","Cholera","total","campaign","ZAF","South Africa",2028,1,100,"default age and gender",63605903,0,"both"
"cholera-campaign-default","Cholera: Cholera, with, campaign","Cholera","total","campaign","ZAF","South Africa",2031,1,100,"default age and gender",65434624,0,"both"
"cholera-campaign-default","Cholera: Cholera, with, campaign","Cholera","total","campaign","ZAF","South Africa",2034,1,100,"default age and gender",67151820,0,"both"
"cholera-campaign-default","Cholera: Cholera, with, campaign","Cholera","total","campaign","ZAF","South Africa",2037,1,100,"default age and gender",68758926,0,"both"
"cholera-campaign-default","Cholera: Cholera, with, campaign","Cholera","total","campaign","ZAF","South Africa",2040,1,100,"default age and gender",70260396,0,"both"
"cholera-campaign-default","Cholera: Cholera, with, campaign","Cholera","total","campaign","ZMB","Zambia",2025,1,100,"default age and gender",20489051,0.162789262400274,"both"
"cholera-campaign-default","Cholera: Cholera, with, campaign","Cholera","total","campaign","ZMB","Zambia",2028,1,100,"default age and gender",22298396,0.162789262400274,"both"
"cholera-campaign-default","Cholera: Cholera, with, campaign","Cholera","total","campaign","ZMB","Zambia",2031,1,100,"default age and gender",24214134,0.162789262400274,"both"
"cholera-campaign-default","Cholera: Cholera, with, campaign","Cholera","total","campaign","ZMB","Zambia",2034,1,100,"default age and gender",26210496,0.162789262400274,"both"
"cholera-campaign-default","Cholera: Cholera, with, campaign","Cholera","total","campaign","ZMB","Zambia",2037,1,100,"default age and gender",28293384,0.162789262400274,"both"
"cholera-campaign-default","Cholera: Cholera, with, campaign","Cholera","total","campaign","ZMB","Zambia",2040,1,100,"default age and gender",30454904,0.162789262400274,"both"
"cholera-campaign-default","Cholera: Cholera, with, campaign","Cholera","total","campaign","ZWE","Zimbabwe",2025,1,100,"default age and gender",15676923,0.0264614432032379,"both"
"cholera-campaign-default","Cholera: Cholera, with, campaign","Cholera","total","campaign","ZWE","Zimbabwe",2028,1,100,"default age and gender",16541207,0.0264614432032379,"both"
"cholera-campaign-default","Cholera: Cholera, with, campaign","Cholera","total","campaign","ZWE","Zimbabwe",2031,1,100,"default age and gender",17471240,0.0264614432032379,"both"
"cholera-campaign-default","Cholera: Cholera, with, campaign","Cholera","total","campaign","ZWE","Zimbabwe",2034,1,100,"default age and gender",18425577,0.0264614432032379,"both"
"cholera-campaign-default","Cholera: Cholera, with, campaign","Cholera","total","campaign","ZWE","Zimbabwe",2037,1,100,"default age and gender",19404791,0.0264614432032379,"both"
"cholera-campaign-default","Cholera: Cholera, with, campaign","Cholera","total","campaign","ZWE","Zimbabwe",2040,1,100,"default age and gender",20391216,0.0264614432032379,"both"
