"","scenario","set_name","vaccine","gavi_support","activity_type","country_code","country","year","age_first","age_last","age_range_verbatim","target","coverage","gender"
"1","cholera-campaign-default","Cholera: Cholera, with, campaign","Cholera","total","campaign","AFG","Afghanistan",2025,1,100,"default age and gender",42350794,0.561536457085639,"both"
"2","cholera-campaign-default","Cholera: Cholera, with, campaign","Cholera","total","campaign","AFG","Afghanistan",2028,1,100,"default age and gender",45089671,0.561536457085639,"both"
"3","cholera-campaign-default","Cholera: Cholera, with, campaign","Cholera","total","campaign","AFG","Afghanistan",2031,1,100,"default age and gender",47810447,0.561536457085639,"both"
"4","cholera-campaign-default","Cholera: Cholera, with, campaign","Cholera","total","campaign","AFG","Afghanistan",2034,1,100,"default age and gender",50507703,0.561536457085639,"both"
"5","cholera-campaign-default","Cholera: Cholera, with, campaign","Cholera","total","campaign","AFG","Afghanistan",2037,1,100,"default age and gender",53155829,0.561536457085639,"both"
"6","cholera-campaign-default","Cholera: Cholera, with, campaign","Cholera","total","campaign","AFG","Afghanistan",2040,1,100,"default age and gender",55734758,0.561536457085639,"both"
"7","cholera-campaign-default","Cholera: Cholera, with, campaign","Cholera","total","campaign","AGO","Angola",2025,1,100,"default age and gender",37089446,0.0250834782014924,"both"
"8","cholera-campaign-default","Cholera: Cholera, with, campaign","Cholera","total","campaign","AGO","Angola",2028,1,100,"default age and gender",40711007,0.0250834782014924,"both"
"9","cholera-campaign-default","Cholera: Cholera, with, campaign","Cholera","total","campaign","AGO","Angola",2031,1,100,"default age and gender",44608797,0.0250834782014924,"both"
"10","cholera-campaign-default","Cholera: Cholera, with, campaign","Cholera","total","campaign","AGO","Angola",2034,1,100,"default age and gender",48776283,0.0250834782014924,"both"
"11","cholera-campaign-default","Cholera: Cholera, with, campaign","Cholera","total","campaign","AGO","Angola",2037,1,100,"default age and gender",53205542,0.0250834782014924,"both"
"12","cholera-campaign-default","Cholera: Cholera, with, campaign","Cholera","total","campaign","AGO","Angola",2040,1,100,"default age and gender",57887928,0.0250834782014924,"both"
"13","cholera-campaign-default","Cholera: Cholera, with, campaign","Cholera","total","campaign","BDI","Burundi",2025,1,100,"default age and gender",13300017,0.056759912400634,"both"
"14","cholera-campaign-default","Cholera: Cholera, with, campaign","Cholera","total","campaign","BDI","Burundi",2028,1,100,"default age and gender",14468966,0.056759912400634,"both"
"15","cholera-campaign-default","Cholera: Cholera, with, campaign","Cholera","total","campaign","BDI","Burundi",2031,1,100,"default age and gender",15688591,0.056759912400634,"both"
"16","cholera-campaign-default","Cholera: Cholera, with, campaign","Cholera","total","campaign","BDI","Burundi",2034,1,100,"default age and gender",16959254,0.056759912400634,"both"
"17","cholera-campaign-default","Cholera: Cholera, with, campaign","Cholera","total","campaign","BDI","Burundi",2037,1,100,"default age and gender",18287782,0.056759912400634,"both"
"18","cholera-campaign-default","Cholera: Cholera, with, campaign","Cholera","total","campaign","BDI","Burundi",2040,1,100,"default age and gender",19675073,0.056759912400634,"both"
"19","cholera-campaign-default","Cholera: Cholera, with, campaign","Cholera","total","campaign","BEN","Benin",2025,1,100,"default age and gender",13382217,0.0269942286481188,"both"
"20","cholera-campaign-default","Cholera: Cholera, with, campaign","Cholera","total","campaign","BEN","Benin",2028,1,100,"default age and gender",14452587,0.0269942286481188,"both"
"21","cholera-campaign-default","Cholera: Cholera, with, campaign","Cholera","total","campaign","BEN","Benin",2031,1,100,"default age and gender",15575952,0.0269942286481188,"both"
"22","cholera-campaign-default","Cholera: Cholera, with, campaign","Cholera","total","campaign","BEN","Benin",2034,1,100,"default age and gender",16748866,0.0269942286481188,"both"
"23","cholera-campaign-default","Cholera: Cholera, with, campaign","Cholera","total","campaign","BEN","Benin",2037,1,100,"default age and gender",17967994,0.0269942286481188,"both"
"24","cholera-campaign-default","Cholera: Cholera, with, campaign","Cholera","total","campaign","BEN","Benin",2040,1,100,"default age and gender",19228693,0.0269942286481188,"both"
"25","cholera-campaign-default","Cholera: Cholera, with, campaign","Cholera","total","campaign","BFA","Burkina Faso",2025,1,100,"default age and gender",23198040,0.0240273421352545,"both"
"26","cholera-campaign-default","Cholera: Cholera, with, campaign","Cholera","total","campaign","BFA","Burkina Faso",2028,1,100,"default age and gender",25162330,0.0240273421352545,"both"
"27","cholera-campaign-default","Cholera: Cholera, with, campaign","Cholera","total","campaign","BFA","Burkina Faso",2031,1,100,"default age and gender",27238385,0.0240273421352545,"both"
"28","cholera-campaign-default","Cholera: Cholera, with, campaign","Cholera","total","campaign","BFA","Burkina Faso",2034,1,100,"default age and gender",29421471,0.0240273421352545,"both"
"29","cholera-campaign-default","Cholera: Cholera, with, campaign","Cholera","total","campaign","BFA","Burkina Faso",2037,1,100,"default age and gender",31698268,0.0240273421352545,"both"
"30","cholera-campaign-default","Cholera: Cholera, with, campaign","Cholera","total","campaign","BFA","Burkina Faso",2040,1,100,"default age and gender",34056240,0.0240273421352545,"both"
"31","cholera-campaign-default","Cholera: Cholera, with, campaign","Cholera","total","campaign","BGD","Bangladesh",2025,1,100,"default age and gender",169693563,0.372607583770451,"both"
"32","cholera-campaign-default","Cholera: Cholera, with, campaign","Cholera","total","campaign","BGD","Bangladesh",2028,1,100,"default age and gender",173905261,0.372607583770451,"both"
"33","cholera-campaign-default","Cholera: Cholera, with, campaign","Cholera","total","campaign","BGD","Bangladesh",2031,1,100,"default age and gender",177681831,0.372607583770451,"both"
"34","cholera-campaign-default","Cholera: Cholera, with, campaign","Cholera","total","campaign","BGD","Bangladesh",2034,1,100,"default age and gender",180994490,0.372607583770451,"both"
"35","cholera-campaign-default","Cholera: Cholera, with, campaign","Cholera","total","campaign","BGD","Bangladesh",2037,1,100,"default age and gender",183830787,0.372607583770451,"both"
"36","cholera-campaign-default","Cholera: Cholera, with, campaign","Cholera","total","campaign","BGD","Bangladesh",2040,1,100,"default age and gender",186183146,0.372607583770451,"both"
"37","cholera-campaign-default","Cholera: Cholera, with, campaign","Cholera","total","campaign","CAF","Central African Republic",2025,1,100,"default age and gender",5166395,0.0131597687827063,"both"
"38","cholera-campaign-default","Cholera: Cholera, with, campaign","Cholera","total","campaign","CAF","Central African Republic",2028,1,100,"default age and gender",5516640,0.0131597687827063,"both"
"39","cholera-campaign-default","Cholera: Cholera, with, campaign","Cholera","total","campaign","CAF","Central African Republic",2031,1,100,"default age and gender",5888116,0.0131597687827063,"both"
"40","cholera-campaign-default","Cholera: Cholera, with, campaign","Cholera","total","campaign","CAF","Central African Republic",2034,1,100,"default age and gender",6267075,0.0131597687827063,"both"
"41","cholera-campaign-default","Cholera: Cholera, with, campaign","Cholera","total","campaign","CAF","Central African Republic",2037,1,100,"default age and gender",6646435,0.0131597687827063,"both"
"42","cholera-campaign-default","Cholera: Cholera, with, campaign","Cholera","total","campaign","CAF","Central African Republic",2040,1,100,"default age and gender",7021019,0.0131597687827063,"both"
"43","cholera-campaign-default","Cholera: Cholera, with, campaign","Cholera","total","campaign","CIV","Cote d'Ivoire",2025,1,100,"default age and gender",28945622,0.049652965302873,"both"
"44","cholera-campaign-default","Cholera: Cholera, with, campaign","Cholera","total","campaign","CIV","Cote d'Ivoire",2028,1,100,"default age and gender",31160996,0.049652965302873,"both"
"45","cholera-campaign-default","Cholera: Cholera, with, campaign","Cholera","total","campaign","CIV","Cote d'Ivoire",2031,1,100,"default age and gender",33474898,0.049652965302873,"both"
"46","cholera-campaign-default","Cholera: Cholera, with, campaign","Cholera","total","campaign","CIV","Cote d'Ivoire",2034,1,100,"default age and gender",35876808,0.049652965302873,"both"
"47","cholera-campaign-default","Cholera: Cholera, with, campaign","Cholera","total","campaign","CIV","Cote d'Ivoire",2037,1,100,"default age and gender",38360701,0.049652965302873,"both"
"48","cholera-campaign-default","Cholera: Cholera, with, campaign","Cholera","total","campaign","CIV","Cote d'Ivoire",2040,1,100,"default age and gender",40923310,0.049652965302873,"both"
"49","cholera-campaign-default","Cholera: Cholera, with, campaign","Cholera","total","campaign","CMR","Cameroon",2025,1,100,"default age and gender",29111584,0.332910406559486,"both"
"50","cholera-campaign-default","Cholera: Cholera, with, campaign","Cholera","total","campaign","CMR","Cameroon",2028,1,100,"default age and gender",31284927,0.332910406559486,"both"
"51","cholera-campaign-default","Cholera: Cholera, with, campaign","Cholera","total","campaign","CMR","Cameroon",2031,1,100,"default age and gender",33544864,0.332910406559486,"both"
"52","cholera-campaign-default","Cholera: Cholera, with, campaign","Cholera","total","campaign","CMR","Cameroon",2034,1,100,"default age and gender",35884593,0.332910406559486,"both"
"53","cholera-campaign-default","Cholera: Cholera, with, campaign","Cholera","total","campaign","CMR","Cameroon",2037,1,100,"default age and gender",38296005,0.332910406559486,"both"
"54","cholera-campaign-default","Cholera: Cholera, with, campaign","Cholera","total","campaign","CMR","Cameroon",2040,1,100,"default age and gender",40771711,0.332910406559486,"both"
"55","cholera-campaign-default","Cholera: Cholera, with, campaign","Cholera","total","campaign","COD","Congo, the Democratic Republic of the",2025,1,100,"default age and gender",100447606,0.298517139646002,"both"
"56","cholera-campaign-default","Cholera: Cholera, with, campaign","Cholera","total","campaign","COD","Congo, the Democratic Republic of the",2028,1,100,"default age and gender",109618181,0.298517139646002,"both"
"57","cholera-campaign-default","Cholera: Cholera, with, campaign","Cholera","total","campaign","COD","Congo, the Democratic Republic of the",2031,1,100,"default age and gender",119296167,0.298517139646002,"both"
"58","cholera-campaign-default","Cholera: Cholera, with, campaign","Cholera","total","campaign","COD","Congo, the Democratic Republic of the",2034,1,100,"default age and gender",129477684,0.298517139646002,"both"
"59","cholera-campaign-default","Cholera: Cholera, with, campaign","Cholera","total","campaign","COD","Congo, the Democratic Republic of the",2037,1,100,"default age and gender",140103097,0.298517139646002,"both"
"60","cholera-campaign-default","Cholera: Cholera, with, campaign","Cholera","total","campaign","COD","Congo, the Democratic Republic of the",2040,1,100,"default age and gender",151101392,0.298517139646002,"both"
"61","cholera-campaign-default","Cholera: Cholera, with, campaign","Cholera","total","campaign","COG","Congo",2025,1,100,"default age and gender",6049095,0.183591331511663,"both"
"62","cholera-campaign-default","Cholera: Cholera, with, campaign","Cholera","total","campaign","COG","Congo",2028,1,100,"default age and gender",6501594,0.183591331511663,"both"
"63","cholera-campaign-default","Cholera: Cholera, with, campaign","Cholera","total","campaign","COG","Congo",2031,1,100,"default age and gender",6979158,0.183591331511663,"both"
"64","cholera-campaign-default","Cholera: Cholera, with, campaign","Cholera","total","campaign","COG","Congo",2034,1,100,"default age and gender",7479581,0.183591331511663,"both"
"65","cholera-campaign-default","Cholera: Cholera, with, campaign","Cholera","total","campaign","COG","Congo",2037,1,100,"default age and gender",8001283,0.183591331511663,"both"
"66","cholera-campaign-default","Cholera: Cholera, with, campaign","Cholera","total","campaign","COG","Congo",2040,1,100,"default age and gender",8541533,0.183591331511663,"both"
"67","cholera-campaign-default","Cholera: Cholera, with, campaign","Cholera","total","campaign","DZA","Algeria",2025,1,100,"default age and gender",46563977,0.085,"both"
"68","cholera-campaign-default","Cholera: Cholera, with, campaign","Cholera","total","campaign","DZA","Algeria",2028,1,100,"default age and gender",48410020,0.085,"both"
"69","cholera-campaign-default","Cholera: Cholera, with, campaign","Cholera","total","campaign","DZA","Algeria",2031,1,100,"default age and gender",50083357,0.085,"both"
"70","cholera-campaign-default","Cholera: Cholera, with, campaign","Cholera","total","campaign","DZA","Algeria",2034,1,100,"default age and gender",51688385,0.085,"both"
"71","cholera-campaign-default","Cholera: Cholera, with, campaign","Cholera","total","campaign","DZA","Algeria",2037,1,100,"default age and gender",53239167,0.085,"both"
"72","cholera-campaign-default","Cholera: Cholera, with, campaign","Cholera","total","campaign","DZA","Algeria",2040,1,100,"default age and gender",54782879,0.085,"both"
"73","cholera-campaign-default","Cholera: Cholera, with, campaign","Cholera","total","campaign","ETH","Ethiopia",2025,1,100,"default age and gender",126096266,0.0829258595147117,"both"
"74","cholera-campaign-default","Cholera: Cholera, with, campaign","Cholera","total","campaign","ETH","Ethiopia",2028,1,100,"default age and gender",135124150,0.0829258595147117,"both"
"75","cholera-campaign-default","Cholera: Cholera, with, campaign","Cholera","total","campaign","ETH","Ethiopia",2031,1,100,"default age and gender",144240703,0.0829258595147117,"both"
"76","cholera-campaign-default","Cholera: Cholera, with, campaign","Cholera","total","campaign","ETH","Ethiopia",2034,1,100,"default age and gender",153372188,0.0829258595147117,"both"
"77","cholera-campaign-default","Cholera: Cholera, with, campaign","Cholera","total","campaign","ETH","Ethiopia",2037,1,100,"default age and gender",162492652,0.0829258595147117,"both"
"78","cholera-campaign-default","Cholera: Cholera, with, campaign","Cholera","total","campaign","ETH","Ethiopia",2040,1,100,"default age and gender",171587155,0.0829258595147117,"both"
"79","cholera-campaign-default","Cholera: Cholera, with, campaign","Cholera","total","campaign","GHA","Ghana",2025,1,100,"default age and gender",33510297,0.343029928267688,"both"
"80","cholera-campaign-default","Cholera: Cholera, with, campaign","Cholera","total","campaign","GHA","Ghana",2028,1,100,"default age and gender",35533853,0.343029928267688,"both"
"81","cholera-campaign-default","Cholera: Cholera, with, campaign","Cholera","total","campaign","GHA","Ghana",2031,1,100,"default age and gender",37587315,0.343029928267688,"both"
"82","cholera-campaign-default","Cholera: Cholera, with, campaign","Cholera","total","campaign","GHA","Ghana",2034,1,100,"default age and gender",39661132,0.343029928267688,"both"
"83","cholera-campaign-default","Cholera: Cholera, with, campaign","Cholera","total","campaign","GHA","Ghana",2037,1,100,"default age and gender",41756470,0.343029928267688,"both"
"84","cholera-campaign-default","Cholera: Cholera, with, campaign","Cholera","total","campaign","GHA","Ghana",2040,1,100,"default age and gender",43869440,0.343029928267688,"both"
"85","cholera-campaign-default","Cholera: Cholera, with, campaign","Cholera","total","campaign","GIN","Guinea",2025,1,100,"default age and gender",14524168,0.224514670331159,"both"
"86","cholera-campaign-default","Cholera: Cholera, with, campaign","Cholera","total","campaign","GIN","Guinea",2028,1,100,"default age and gender",15699488,0.224514670331159,"both"
"87","cholera-campaign-default","Cholera: Cholera, with, campaign","Cholera","total","campaign","GIN","Guinea",2031,1,100,"default age and gender",16921313,0.224514670331159,"both"
"88","cholera-campaign-default","Cholera: Cholera, with, campaign","Cholera","total","campaign","GIN","Guinea",2034,1,100,"default age and gender",18182560,0.224514670331159,"both"
"89","cholera-campaign-default","Cholera: Cholera, with, campaign","Cholera","total","campaign","GIN","Guinea",2037,1,100,"default age and gender",19477187,0.224514670331159,"both"
"90","cholera-campaign-default","Cholera: Cholera, with, campaign","Cholera","total","campaign","GIN","Guinea",2040,1,100,"default age and gender",20800137,0.224514670331159,"both"
"91","cholera-campaign-default","Cholera: Cholera, with, campaign","Cholera","total","campaign","GNB","Guinea-Bissau",2025,1,100,"default age and gender",2143341,0.380530811286851,"both"
"92","cholera-campaign-default","Cholera: Cholera, with, campaign","Cholera","total","campaign","GNB","Guinea-Bissau",2028,1,100,"default age and gender",2291108,0.380530811286851,"both"
"93","cholera-campaign-default","Cholera: Cholera, with, campaign","Cholera","total","campaign","GNB","Guinea-Bissau",2031,1,100,"default age and gender",2442807,0.380530811286851,"both"
"94","cholera-campaign-default","Cholera: Cholera, with, campaign","Cholera","total","campaign","GNB","Guinea-Bissau",2034,1,100,"default age and gender",2598494,0.380530811286851,"both"
"95","cholera-campaign-default","Cholera: Cholera, with, campaign","Cholera","total","campaign","GNB","Guinea-Bissau",2037,1,100,"default age and gender",2757760,0.380530811286851,"both"
"96","cholera-campaign-default","Cholera: Cholera, with, campaign","Cholera","total","campaign","GNB","Guinea-Bissau",2040,1,100,"default age and gender",2920246,0.380530811286851,"both"
"97","cholera-campaign-default","Cholera: Cholera, with, campaign","Cholera","total","campaign","HTI","Haiti",2025,1,100,"default age and gender",11837501,0.51,"both"
"98","cholera-campaign-default","Cholera: Cholera, with, campaign","Cholera","total","campaign","HTI","Haiti",2028,1,100,"default age and gender",12232381,0.51,"both"
"99","cholera-campaign-default","Cholera: Cholera, with, campaign","Cholera","total","campaign","HTI","Haiti",2031,1,100,"default age and gender",12612834,0.51,"both"
"100","cholera-campaign-default","Cholera: Cholera, with, campaign","Cholera","total","campaign","HTI","Haiti",2034,1,100,"default age and gender",12979895,0.51,"both"
"101","cholera-campaign-default","Cholera: Cholera, with, campaign","Cholera","total","campaign","HTI","Haiti",2037,1,100,"default age and gender",13337058,0.51,"both"
"102","cholera-campaign-default","Cholera: Cholera, with, campaign","Cholera","total","campaign","HTI","Haiti",2040,1,100,"default age and gender",13679975,0.51,"both"
"103","cholera-campaign-default","Cholera: Cholera, with, campaign","Cholera","total","campaign","IND","India",2025,1,100,"default age and gender",1421878603,0.22223437601482,"both"
"104","cholera-campaign-default","Cholera: Cholera, with, campaign","Cholera","total","campaign","IND","India",2028,1,100,"default age and gender",1458189074,0.22223437601482,"both"
"105","cholera-campaign-default","Cholera: Cholera, with, campaign","Cholera","total","campaign","IND","India",2031,1,100,"default age and gender",1491759582,0.22223437601482,"both"
"106","cholera-campaign-default","Cholera: Cholera, with, campaign","Cholera","total","campaign","IND","India",2034,1,100,"default age and gender",1522353366,0.22223437601482,"both"
"107","cholera-campaign-default","Cholera: Cholera, with, campaign","Cholera","total","campaign","IND","India",2037,1,100,"default age and gender",1549193043,0.22223437601482,"both"
"108","cholera-campaign-default","Cholera: Cholera, with, campaign","Cholera","total","campaign","IND","India",2040,1,100,"default age and gender",1571966307,0.22223437601482,"both"
"109","cholera-campaign-default","Cholera: Cholera, with, campaign","Cholera","total","campaign","IRN","Iran, Islamic Republic of",2025,1,100,"default age and gender",87542164,0.00147181895285739,"both"
"110","cholera-campaign-default","Cholera: Cholera, with, campaign","Cholera","total","campaign","IRN","Iran, Islamic Republic of",2028,1,100,"default age and gender",89978278,0.00147181895285739,"both"
"111","cholera-campaign-default","Cholera: Cholera, with, campaign","Cholera","total","campaign","IRN","Iran, Islamic Republic of",2031,1,100,"default age and gender",92098813,0.00147181895285739,"both"
"112","cholera-campaign-default","Cholera: Cholera, with, campaign","Cholera","total","campaign","IRN","Iran, Islamic Republic of",2034,1,100,"default age and gender",94053804,0.00147181895285739,"both"
"113","cholera-campaign-default","Cholera: Cholera, with, campaign","Cholera","total","campaign","IRN","Iran, Islamic Republic of",2037,1,100,"default age and gender",95800159,0.00147181895285739,"both"
"114","cholera-campaign-default","Cholera: Cholera, with, campaign","Cholera","total","campaign","IRN","Iran, Islamic Republic of",2040,1,100,"default age and gender",97386061,0.00147181895285739,"both"
"115","cholera-campaign-default","Cholera: Cholera, with, campaign","Cholera","total","campaign","IRQ","Iraq",2025,1,100,"default age and gender",43974392,0.0556384865344593,"both"
"116","cholera-campaign-default","Cholera: Cholera, with, campaign","Cholera","total","campaign","IRQ","Iraq",2028,1,100,"default age and gender",46949900,0.0556384865344593,"both"
"117","cholera-campaign-default","Cholera: Cholera, with, campaign","Cholera","total","campaign","IRQ","Iraq",2031,1,100,"default age and gender",49974101,0.0556384865344593,"both"
"118","cholera-campaign-default","Cholera: Cholera, with, campaign","Cholera","total","campaign","IRQ","Iraq",2034,1,100,"default age and gender",53024727,0.0556384865344593,"both"
"119","cholera-campaign-default","Cholera: Cholera, with, campaign","Cholera","total","campaign","IRQ","Iraq",2037,1,100,"default age and gender",56118935,0.0556384865344593,"both"
"120","cholera-campaign-default","Cholera: Cholera, with, campaign","Cholera","total","campaign","IRQ","Iraq",2040,1,100,"default age and gender",59241196,0.0556384865344593,"both"
"121","cholera-campaign-default","Cholera: Cholera, with, campaign","Cholera","total","campaign","KEN","Kenya",2025,1,100,"default age and gender",58391995,0.0770136648824115,"both"
"122","cholera-campaign-default","Cholera: Cholera, with, campaign","Cholera","total","campaign","KEN","Kenya",2028,1,100,"default age and gender",62228274,0.0770136648824115,"both"
"123","cholera-campaign-default","Cholera: Cholera, with, campaign","Cholera","total","campaign","KEN","Kenya",2031,1,100,"default age and gender",66137107,0.0770136648824115,"both"
"124","cholera-campaign-default","Cholera: Cholera, with, campaign","Cholera","total","campaign","KEN","Kenya",2034,1,100,"default age and gender",70044192,0.0770136648824115,"both"
"125","cholera-campaign-default","Cholera: Cholera, with, campaign","Cholera","total","campaign","KEN","Kenya",2037,1,100,"default age and gender",73941032,0.0770136648824115,"both"
"126","cholera-campaign-default","Cholera: Cholera, with, campaign","Cholera","total","campaign","KEN","Kenya",2040,1,100,"default age and gender",77786293,0.0770136648824115,"both"
"127","cholera-campaign-default","Cholera: Cholera, with, campaign","Cholera","total","campaign","LBR","Liberia",2025,1,100,"default age and gender",5524152,0.0361444133055281,"both"
"128","cholera-campaign-default","Cholera: Cholera, with, campaign","Cholera","total","campaign","LBR","Liberia",2028,1,100,"default age and gender",5920830,0.0361444133055281,"both"
"129","cholera-campaign-default","Cholera: Cholera, with, campaign","Cholera","total","campaign","LBR","Liberia",2031,1,100,"default age and gender",6332068,0.0361444133055281,"both"
"130","cholera-campaign-default","Cholera: Cholera, with, campaign","Cholera","total","campaign","LBR","Liberia",2034,1,100,"default age and gender",6754756,0.0361444133055281,"both"
"131","cholera-campaign-default","Cholera: Cholera, with, campaign","Cholera","total","campaign","LBR","Liberia",2037,1,100,"default age and gender",7187498,0.0361444133055281,"both"
"132","cholera-campaign-default","Cholera: Cholera, with, campaign","Cholera","total","campaign","LBR","Liberia",2040,1,100,"default age and gender",7628365,0.0361444133055281,"both"
"133","cholera-campaign-default","Cholera: Cholera, with, campaign","Cholera","total","campaign","MDG","Madagascar",2025,1,100,"default age and gender",30572472,0,"both"
"134","cholera-campaign-default","Cholera: Cholera, with, campaign","Cholera","total","campaign","MDG","Madagascar",2028,1,100,"default age and gender",32969323,0,"both"
"135","cholera-campaign-default","Cholera: Cholera, with, campaign","Cholera","total","campaign","MDG","Madagascar",2031,1,100,"default age and gender",35455775,0,"both"
"136","cholera-campaign-default","Cholera: Cholera, with, campaign","Cholera","total","campaign","MDG","Madagascar",2034,1,100,"default age and gender",38019128,0,"both"
"137","cholera-campaign-default","Cholera: Cholera, with, campaign","Cholera","total","campaign","MDG","Madagascar",2037,1,100,"default age and gender",40649732,0,"both"
"138","cholera-campaign-default","Cholera: Cholera, with, campaign","Cholera","total","campaign","MDG","Madagascar",2040,1,100,"default age and gender",43346763,0,"both"
"139","cholera-campaign-default","Cholera: Cholera, with, campaign","Cholera","total","campaign","MLI","Mali",2025,1,100,"default age and gender",22568244,0.0467185642295474,"both"
"140","cholera-campaign-default","Cholera: Cholera, with, campaign","Cholera","total","campaign","MLI","Mali",2028,1,100,"default age and gender",24599833,0.0467185642295474,"both"
"141","cholera-campaign-default","Cholera: Cholera, with, campaign","Cholera","total","campaign","MLI","Mali",2031,1,100,"default age and gender",26760399,0.0467185642295474,"both"
"142","cholera-campaign-default","Cholera: Cholera, with, campaign","Cholera","total","campaign","MLI","Mali",2034,1,100,"default age and gender",29038286,0.0467185642295474,"both"
"143","cholera-campaign-default","Cholera: Cholera, with, campaign","Cholera","total","campaign","MLI","Mali",2037,1,100,"default age and gender",31415443,0.0467185642295474,"both"
"144","cholera-campaign-default","Cholera: Cholera, with, campaign","Cholera","total","campaign","MLI","Mali",2040,1,100,"default age and gender",33874459,0.0467185642295474,"both"
"145","cholera-campaign-default","Cholera: Cholera, with, campaign","Cholera","total","campaign","MOZ","Mozambique",2025,1,100,"default age and gender",34784100,0.057149906499413,"both"
"146","cholera-campaign-default","Cholera: Cholera, with, campaign","Cholera","total","campaign","MOZ","Mozambique",2028,1,100,"default age and gender",37793222,0.057149906499413,"both"
"147","cholera-campaign-default","Cholera: Cholera, with, campaign","Cholera","total","campaign","MOZ","Mozambique",2031,1,100,"default age and gender",40960216,0.057149906499413,"both"
"148","cholera-campaign-default","Cholera: Cholera, with, campaign","Cholera","total","campaign","MOZ","Mozambique",2034,1,100,"default age and gender",44267115,0.057149906499413,"both"
"149","cholera-campaign-default","Cholera: Cholera, with, campaign","Cholera","total","campaign","MOZ","Mozambique",2037,1,100,"default age and gender",47703825,0.057149906499413,"both"
"150","cholera-campaign-default","Cholera: Cholera, with, campaign","Cholera","total","campaign","MOZ","Mozambique",2040,1,100,"default age and gender",51256031,0.057149906499413,"both"
"151","cholera-campaign-default","Cholera: Cholera, with, campaign","Cholera","total","campaign","MRT","Mauritania",2025,1,100,"default age and gender",5135521,0.00937098517946,"both"
"152","cholera-campaign-default","Cholera: Cholera, with, campaign","Cholera","total","campaign","MRT","Mauritania",2028,1,100,"default age and gender",5529990,0.00937098517946,"both"
"153","cholera-campaign-default","Cholera: Cholera, with, campaign","Cholera","total","campaign","MRT","Mauritania",2031,1,100,"default age and gender",5937867,0.00937098517946,"both"
"154","cholera-campaign-default","Cholera: Cholera, with, campaign","Cholera","total","campaign","MRT","Mauritania",2034,1,100,"default age and gender",6359103,0.00937098517946,"both"
"155","cholera-campaign-default","Cholera: Cholera, with, campaign","Cholera","total","campaign","MRT","Mauritania",2037,1,100,"default age and gender",6793557,0.00937098517946,"both"
"156","cholera-campaign-default","Cholera: Cholera, with, campaign","Cholera","total","campaign","MRT","Mauritania",2040,1,100,"default age and gender",7240917,0.00937098517946,"both"
"157","cholera-campaign-default","Cholera: Cholera, with, campaign","Cholera","total","campaign","MWI","Malawi",2025,1,100,"default age and gender",21166264,0.0504866499500062,"both"
"158","cholera-campaign-default","Cholera: Cholera, with, campaign","Cholera","total","campaign","MWI","Malawi",2028,1,100,"default age and gender",22911218,0.0504866499500062,"both"
"159","cholera-campaign-default","Cholera: Cholera, with, campaign","Cholera","total","campaign","MWI","Malawi",2031,1,100,"default age and gender",24736870,0.0504866499500062,"both"
"160","cholera-campaign-default","Cholera: Cholera, with, campaign","Cholera","total","campaign","MWI","Malawi",2034,1,100,"default age and gender",26615997,0.0504866499500062,"both"
"161","cholera-campaign-default","Cholera: Cholera, with, campaign","Cholera","total","campaign","MWI","Malawi",2037,1,100,"default age and gender",28543821,0.0504866499500062,"both"
"162","cholera-campaign-default","Cholera: Cholera, with, campaign","Cholera","total","campaign","MWI","Malawi",2040,1,100,"default age and gender",30512395,0.0504866499500062,"both"
"163","cholera-campaign-default","Cholera: Cholera, with, campaign","Cholera","total","campaign","NAM","Namibia",2025,1,100,"default age and gender",2705741,0.207286984737161,"both"
"164","cholera-campaign-default","Cholera: Cholera, with, campaign","Cholera","total","campaign","NAM","Namibia",2028,1,100,"default age and gender",2846717,0.207286984737161,"both"
"165","cholera-campaign-default","Cholera: Cholera, with, campaign","Cholera","total","campaign","NAM","Namibia",2031,1,100,"default age and gender",2988928,0.207286984737161,"both"
"166","cholera-campaign-default","Cholera: Cholera, with, campaign","Cholera","total","campaign","NAM","Namibia",2034,1,100,"default age and gender",3132435,0.207286984737161,"both"
"167","cholera-campaign-default","Cholera: Cholera, with, campaign","Cholera","total","campaign","NAM","Namibia",2037,1,100,"default age and gender",3277511,0.207286984737161,"both"
"168","cholera-campaign-default","Cholera: Cholera, with, campaign","Cholera","total","campaign","NAM","Namibia",2040,1,100,"default age and gender",3423643,0.207286984737161,"both"
"169","cholera-campaign-default","Cholera: Cholera, with, campaign","Cholera","total","campaign","NER","Niger",2025,1,100,"default age and gender",27926438,0.081081963553834,"both"
"170","cholera-campaign-default","Cholera: Cholera, with, campaign","Cholera","total","campaign","NER","Niger",2028,1,100,"default age and gender",31154417,0.081081963553834,"both"
"171","cholera-campaign-default","Cholera: Cholera, with, campaign","Cholera","total","campaign","NER","Niger",2031,1,100,"default age and gender",34678266,0.081081963553834,"both"
"172","cholera-campaign-default","Cholera: Cholera, with, campaign","Cholera","total","campaign","NER","Niger",2034,1,100,"default age and gender",38500598,0.081081963553834,"both"
"173","cholera-campaign-default","Cholera: Cholera, with, campaign","Cholera","total","campaign","NER","Niger",2037,1,100,"default age and gender",42617103,0.081081963553834,"both"
"174","cholera-campaign-default","Cholera: Cholera, with, campaign","Cholera","total","campaign","NER","Niger",2040,1,100,"default age and gender",47017269,0.081081963553834,"both"
"175","cholera-campaign-default","Cholera: Cholera, with, campaign","Cholera","total","campaign","NGA","Nigeria",2025,1,100,"default age and gender",225604000,0.0626796501137687,"both"
"176","cholera-campaign-default","Cholera: Cholera, with, campaign","Cholera","total","campaign","NGA","Nigeria",2028,1,100,"default age and gender",242716779,0.0626796501137687,"both"
"177","cholera-campaign-default","Cholera: Cholera, with, campaign","Cholera","total","campaign","NGA","Nigeria",2031,1,100,"default age and gender",260715661,0.0626796501137687,"both"
"178","cholera-campaign-default","Cholera: Cholera, with, campaign","Cholera","total","campaign","NGA","Nigeria",2034,1,100,"default age and gender",279567693,0.0626796501137687,"both"
"179","cholera-campaign-default","Cholera: Cholera, with, campaign","Cholera","total","campaign","NGA","Nigeria",2037,1,100,"default age and gender",299214999,0.0626796501137687,"both"
"180","cholera-campaign-default","Cholera: Cholera, with, campaign","Cholera","total","campaign","NGA","Nigeria",2040,1,100,"default age and gender",319566599,0.0626796501137687,"both"
"181","cholera-campaign-default","Cholera: Cholera, with, campaign","Cholera","total","campaign","NPL","Nepal",2025,1,100,"default age and gender",31203397,0.085,"both"
"182","cholera-campaign-default","Cholera: Cholera, with, campaign","Cholera","total","campaign","NPL","Nepal",2028,1,100,"default age and gender",32350937,0.085,"both"
"183","cholera-campaign-default","Cholera: Cholera, with, campaign","Cholera","total","campaign","NPL","Nepal",2031,1,100,"default age and gender",33159414,0.085,"both"
"184","cholera-campaign-default","Cholera: Cholera, with, campaign","Cholera","total","campaign","NPL","Nepal",2034,1,100,"default age and gender",33708297,0.085,"both"
"185","cholera-campaign-default","Cholera: Cholera, with, campaign","Cholera","total","campaign","NPL","Nepal",2037,1,100,"default age and gender",34144389,0.085,"both"
"186","cholera-campaign-default","Cholera: Cholera, with, campaign","Cholera","total","campaign","NPL","Nepal",2040,1,100,"default age and gender",34495775,0.085,"both"
"187","cholera-campaign-default","Cholera: Cholera, with, campaign","Cholera","total","campaign","PAK","Pakistan",2025,1,100,"default age and gender",236641759,0.11708128447477,"both"
"188","cholera-campaign-default","Cholera: Cholera, with, campaign","Cholera","total","campaign","PAK","Pakistan",2028,1,100,"default age and gender",249096634,0.11708128447477,"both"
"189","cholera-campaign-default","Cholera: Cholera, with, campaign","Cholera","total","campaign","PAK","Pakistan",2031,1,100,"default age and gender",261264912,0.11708128447477,"both"
"190","cholera-campaign-default","Cholera: Cholera, with, campaign","Cholera","total","campaign","PAK","Pakistan",2034,1,100,"default age and gender",273228743,0.11708128447477,"both"
"191","cholera-campaign-default","Cholera: Cholera, with, campaign","Cholera","total","campaign","PAK","Pakistan",2037,1,100,"default age and gender",284892795,0.11708128447477,"both"
"192","cholera-campaign-default","Cholera: Cholera, with, campaign","Cholera","total","campaign","PAK","Pakistan",2040,1,100,"default age and gender",296298046,0.11708128447477,"both"
"193","cholera-campaign-default","Cholera: Cholera, with, campaign","Cholera","total","campaign","PHL","Philippines",2025,1,100,"default age and gender",114509598,0.085,"both"
"194","cholera-campaign-default","Cholera: Cholera, with, campaign","Cholera","total","campaign","PHL","Philippines",2028,1,100,"default age and gender",118758226,0.085,"both"
"195","cholera-campaign-default","Cholera: Cholera, with, campaign","Cholera","total","campaign","PHL","Philippines",2031,1,100,"default age and gender",122868018,0.085,"both"
"196","cholera-campaign-default","Cholera: Cholera, with, campaign","Cholera","total","campaign","PHL","Philippines",2034,1,100,"default age and gender",126658323,0.085,"both"
"197","cholera-campaign-default","Cholera: Cholera, with, campaign","Cholera","total","campaign","PHL","Philippines",2037,1,100,"default age and gender",130216229,0.085,"both"
"198","cholera-campaign-default","Cholera: Cholera, with, campaign","Cholera","total","campaign","PHL","Philippines",2040,1,100,"default age and gender",133518440,0.085,"both"
"199","cholera-campaign-default","Cholera: Cholera, with, campaign","Cholera","total","campaign","RWA","Rwanda",2025,1,100,"default age and gender",14192045,0,"both"
"200","cholera-campaign-default","Cholera: Cholera, with, campaign","Cholera","total","campaign","RWA","Rwanda",2028,1,100,"default age and gender",15166447,0,"both"
"201","cholera-campaign-default","Cholera: Cholera, with, campaign","Cholera","total","campaign","RWA","Rwanda",2031,1,100,"default age and gender",16150398,0,"both"
"202","cholera-campaign-default","Cholera: Cholera, with, campaign","Cholera","total","campaign","RWA","Rwanda",2034,1,100,"default age and gender",17157067,0,"both"
"203","cholera-campaign-default","Cholera: Cholera, with, campaign","Cholera","total","campaign","RWA","Rwanda",2037,1,100,"default age and gender",18171849,0,"both"
"204","cholera-campaign-default","Cholera: Cholera, with, campaign","Cholera","total","campaign","RWA","Rwanda",2040,1,100,"default age and gender",19193062,0,"both"
"205","cholera-campaign-default","Cholera: Cholera, with, campaign","Cholera","total","campaign","SEN","Senegal",2025,1,100,"default age and gender",18480434,0,"both"
"206","cholera-campaign-default","Cholera: Cholera, with, campaign","Cholera","total","campaign","SEN","Senegal",2028,1,100,"default age and gender",19928094,0,"both"
"207","cholera-campaign-default","Cholera: Cholera, with, campaign","Cholera","total","campaign","SEN","Senegal",2031,1,100,"default age and gender",21441107,0,"both"
"208","cholera-campaign-default","Cholera: Cholera, with, campaign","Cholera","total","campaign","SEN","Senegal",2034,1,100,"default age and gender",23017307,0,"both"
"209","cholera-campaign-default","Cholera: Cholera, with, campaign","Cholera","total","campaign","SEN","Senegal",2037,1,100,"default age and gender",24662020,0,"both"
"210","cholera-campaign-default","Cholera: Cholera, with, campaign","Cholera","total","campaign","SEN","Senegal",2040,1,100,"default age and gender",26370669,0,"both"
"211","cholera-campaign-default","Cholera: Cholera, with, campaign","Cholera","total","campaign","SLE","Sierra Leone",2025,1,100,"default age and gender",8561081,0.556399137708968,"both"
"212","cholera-campaign-default","Cholera: Cholera, with, campaign","Cholera","total","campaign","SLE","Sierra Leone",2028,1,100,"default age and gender",9061822,0.556399137708968,"both"
"213","cholera-campaign-default","Cholera: Cholera, with, campaign","Cholera","total","campaign","SLE","Sierra Leone",2031,1,100,"default age and gender",9565895,0.556399137708968,"both"
"214","cholera-campaign-default","Cholera: Cholera, with, campaign","Cholera","total","campaign","SLE","Sierra Leone",2034,1,100,"default age and gender",10072882,0.556399137708968,"both"
"215","cholera-campaign-default","Cholera: Cholera, with, campaign","Cholera","total","campaign","SLE","Sierra Leone",2037,1,100,"default age and gender",10578900,0.556399137708968,"both"
"216","cholera-campaign-default","Cholera: Cholera, with, campaign","Cholera","total","campaign","SLE","Sierra Leone",2040,1,100,"default age and gender",11080960,0.556399137708968,"both"
"217","cholera-campaign-default","Cholera: Cholera, with, campaign","Cholera","total","campaign","SOM","Somalia",2025,1,100,"default age and gender",17688758,0.386659667415144,"both"
"218","cholera-campaign-default","Cholera: Cholera, with, campaign","Cholera","total","campaign","SOM","Somalia",2028,1,100,"default age and gender",19295776,0.386659667415144,"both"
"219","cholera-campaign-default","Cholera: Cholera, with, campaign","Cholera","total","campaign","SOM","Somalia",2031,1,100,"default age and gender",21012422,0.386659667415144,"both"
"220","cholera-campaign-default","Cholera: Cholera, with, campaign","Cholera","total","campaign","SOM","Somalia",2034,1,100,"default age and gender",22830281,0.386659667415144,"both"
"221","cholera-campaign-default","Cholera: Cholera, with, campaign","Cholera","total","campaign","SOM","Somalia",2037,1,100,"default age and gender",24731936,0.386659667415144,"both"
"222","cholera-campaign-default","Cholera: Cholera, with, campaign","Cholera","total","campaign","SOM","Somalia",2040,1,100,"default age and gender",26711513,0.386659667415144,"both"
"223","cholera-campaign-default","Cholera: Cholera, with, campaign","Cholera","total","campaign","SSD","South Sudan",2025,1,100,"default age and gender",12075530,0.118213487910974,"both"
"224","cholera-campaign-default","Cholera: Cholera, with, campaign","Cholera","total","campaign","SSD","South Sudan",2028,1,100,"default age and gender",12886377,0.118213487910974,"both"
"225","cholera-campaign-default","Cholera: Cholera, with, campaign","Cholera","total","campaign","SSD","South Sudan",2031,1,100,"default age and gender",13728477,0.118213487910974,"both"
"226","cholera-campaign-default","Cholera: Cholera, with, campaign","Cholera","total","campaign","SSD","South Sudan",2034,1,100,"default age and gender",14610895,0.118213487910974,"both"
"227","cholera-campaign-default","Cholera: Cholera, with, campaign","Cholera","total","campaign","SSD","South Sudan",2037,1,100,"default age and gender",15511404,0.118213487910974,"both"
"228","cholera-campaign-default","Cholera: Cholera, with, campaign","Cholera","total","campaign","SSD","South Sudan",2040,1,100,"default age and gender",16423152,0.118213487910974,"both"
"229","cholera-campaign-default","Cholera: Cholera, with, campaign","Cholera","total","campaign","TCD","Chad",2025,1,100,"default age and gender",18278460,0.302398091651371,"both"
"230","cholera-campaign-default","Cholera: Cholera, with, campaign","Cholera","total","campaign","TCD","Chad",2028,1,100,"default age and gender",19862741,0.302398091651371,"both"
"231","cholera-campaign-default","Cholera: Cholera, with, campaign","Cholera","total","campaign","TCD","Chad",2031,1,100,"default age and gender",21515136,0.302398091651371,"both"
"232","cholera-campaign-default","Cholera: Cholera, with, campaign","Cholera","total","campaign","TCD","Chad",2034,1,100,"default age and gender",23230957,0.302398091651371,"both"
"233","cholera-campaign-default","Cholera: Cholera, with, campaign","Cholera","total","campaign","TCD","Chad",2037,1,100,"default age and gender",25002297,0.302398091651371,"both"
"234","cholera-campaign-default","Cholera: Cholera, with, campaign","Cholera","total","campaign","TCD","Chad",2040,1,100,"default age and gender",26821511,0.302398091651371,"both"
"235","cholera-campaign-default","Cholera: Cholera, with, campaign","Cholera","total","campaign","TGO","Togo",2025,1,100,"default age and gender",9033688,0.0686194173027018,"both"
"236","cholera-campaign-default","Cholera: Cholera, with, campaign","Cholera","total","campaign","TGO","Togo",2028,1,100,"default age and gender",9679198,0.0686194173027018,"both"
"237","cholera-campaign-default","Cholera: Cholera, with, campaign","Cholera","total","campaign","TGO","Togo",2031,1,100,"default age and gender",10354045,0.0686194173027018,"both"
"238","cholera-campaign-default","Cholera: Cholera, with, campaign","Cholera","total","campaign","TGO","Togo",2034,1,100,"default age and gender",11055286,0.0686194173027018,"both"
"239","cholera-campaign-default","Cholera: Cholera, with, campaign","Cholera","total","campaign","TGO","Togo",2037,1,100,"default age and gender",11778033,0.0686194173027018,"both"
"240","cholera-campaign-default","Cholera: Cholera, with, campaign","Cholera","total","campaign","TGO","Togo",2040,1,100,"default age and gender",12517891,0.0686194173027018,"both"
"241","cholera-campaign-default","Cholera: Cholera, with, campaign","Cholera","total","campaign","THA","Thailand",2025,1,100,"default age and gender",69690801,0.085,"both"
"242","cholera-campaign-default","Cholera: Cholera, with, campaign","Cholera","total","campaign","THA","Thailand",2028,1,100,"default age and gender",69778294,0.085,"both"
"243","cholera-campaign-default","Cholera: Cholera, with, campaign","Cholera","total","campaign","THA","Thailand",2031,1,100,"default age and gender",69689022,0.085,"both"
"244","cholera-campaign-default","Cholera: Cholera, with, campaign","Cholera","total","campaign","THA","Thailand",2034,1,100,"default age and gender",69438464,0.085,"both"
"245","cholera-campaign-default","Cholera: Cholera, with, campaign","Cholera","total","campaign","THA","Thailand",2037,1,100,"default age and gender",69025042,0.085,"both"
"246","cholera-campaign-default","Cholera: Cholera, with, campaign","Cholera","total","campaign","THA","Thailand",2040,1,100,"default age and gender",68451247,0.085,"both"
"247","cholera-campaign-default","Cholera: Cholera, with, campaign","Cholera","total","campaign","TZA","Tanzania, United Republic of",2025,1,100,"default age and gender",66660372,0.1888786099552,"both"
"248","cholera-campaign-default","Cholera: Cholera, with, campaign","Cholera","total","campaign","TZA","Tanzania, United Republic of",2028,1,100,"default age and gender",72527613,0.1888786099552,"both"
"249","cholera-campaign-default","Cholera: Cholera, with, campaign","Cholera","total","campaign","TZA","Tanzania, United Republic of",2031,1,100,"default age and gender",78766933,0.1888786099552,"both"
"250","cholera-campaign-default","Cholera: Cholera, with, campaign","Cholera","total","campaign","TZA","Tanzania, United Republic of",2034,1,100,"default age and gender",85377239,0.1888786099552,"both"
"251","cholera-campaign-default","Cholera: Cholera, with, campaign","Cholera","total","campaign","TZA","Tanzania, United Republic of",2037,1,100,"default age and gender",92332598,0.1888786099552,"both"
"252","cholera-campaign-default","Cholera: Cholera, with, campaign","Cholera","total","campaign","TZA","Tanzania, United Republic of",2040,1,100,"default age and gender",99610297,0.1888786099552,"both"
"253","cholera-campaign-default","Cholera: Cholera, with, campaign","Cholera","total","campaign","UGA","Uganda",2025,1,100,"default age and gender",50636577,0.04726104699277,"both"
"254","cholera-campaign-default","Cholera: Cholera, with, campaign","Cholera","total","campaign","UGA","Uganda",2028,1,100,"default age and gender",54777516,0.04726104699277,"both"
"255","cholera-campaign-default","Cholera: Cholera, with, campaign","Cholera","total","campaign","UGA","Uganda",2031,1,100,"default age and gender",59112597,0.04726104699277,"both"
"256","cholera-campaign-default","Cholera: Cholera, with, campaign","Cholera","total","campaign","UGA","Uganda",2034,1,100,"default age and gender",63569604,0.04726104699277,"both"
"257","cholera-campaign-default","Cholera: Cholera, with, campaign","Cholera","total","campaign","UGA","Uganda",2037,1,100,"default age and gender",68073216,0.04726104699277,"both"
"258","cholera-campaign-default","Cholera: Cholera, with, campaign","Cholera","total","campaign","UGA","Uganda",2040,1,100,"default age and gender",72589755,0.04726104699277,"both"
"259","cholera-campaign-default","Cholera: Cholera, with, campaign","Cholera","total","campaign","YEM","Yemen",2025,1,100,"default age and gender",32290000,0.163342051909876,"both"
"260","cholera-campaign-default","Cholera: Cholera, with, campaign","Cholera","total","campaign","YEM","Yemen",2028,1,100,"default age and gender",34255579,0.163342051909876,"both"
"261","cholera-campaign-default","Cholera: Cholera, with, campaign","Cholera","total","campaign","YEM","Yemen",2031,1,100,"default age and gender",36201643,0.163342051909876,"both"
"262","cholera-campaign-default","Cholera: Cholera, with, campaign","Cholera","total","campaign","YEM","Yemen",2034,1,100,"default age and gender",38115674,0.163342051909876,"both"
"263","cholera-campaign-default","Cholera: Cholera, with, campaign","Cholera","total","campaign","YEM","Yemen",2037,1,100,"default age and gender",39998507,0.163342051909876,"both"
"264","cholera-campaign-default","Cholera: Cholera, with, campaign","Cholera","total","campaign","YEM","Yemen",2040,1,100,"default age and gender",41829312,0.163342051909876,"both"
"265","cholera-campaign-default","Cholera: Cholera, with, campaign","Cholera","total","campaign","ZAF","South Africa",2025,1,100,"default age and gender",61668203,0,"both"
"266","cholera-campaign-default","Cholera: Cholera, with, campaign","Cholera","total","campaign","ZAF","South Africa",2028,1,100,"default age and gender",63605903,0,"both"
"267","cholera-campaign-default","Cholera: Cholera, with, campaign","Cholera","total","campaign","ZAF","South Africa",2031,1,100,"default age and gender",65434624,0,"both"
"268","cholera-campaign-default","Cholera: Cholera, with, campaign","Cholera","total","campaign","ZAF","South Africa",2034,1,100,"default age and gender",67151820,0,"both"
"269","cholera-campaign-default","Cholera: Cholera, with, campaign","Cholera","total","campaign","ZAF","South Africa",2037,1,100,"default age and gender",68758926,0,"both"
"270","cholera-campaign-default","Cholera: Cholera, with, campaign","Cholera","total","campaign","ZAF","South Africa",2040,1,100,"default age and gender",70260396,0,"both"
"271","cholera-campaign-default","Cholera: Cholera, with, campaign","Cholera","total","campaign","ZMB","Zambia",2025,1,100,"default age and gender",20489051,0.162789262400274,"both"
"272","cholera-campaign-default","Cholera: Cholera, with, campaign","Cholera","total","campaign","ZMB","Zambia",2028,1,100,"default age and gender",22298396,0.162789262400274,"both"
"273","cholera-campaign-default","Cholera: Cholera, with, campaign","Cholera","total","campaign","ZMB","Zambia",2031,1,100,"default age and gender",24214134,0.162789262400274,"both"
"274","cholera-campaign-default","Cholera: Cholera, with, campaign","Cholera","total","campaign","ZMB","Zambia",2034,1,100,"default age and gender",26210496,0.162789262400274,"both"
"275","cholera-campaign-default","Cholera: Cholera, with, campaign","Cholera","total","campaign","ZMB","Zambia",2037,1,100,"default age and gender",28293384,0.162789262400274,"both"
"276","cholera-campaign-default","Cholera: Cholera, with, campaign","Cholera","total","campaign","ZMB","Zambia",2040,1,100,"default age and gender",30454904,0.162789262400274,"both"
"277","cholera-campaign-default","Cholera: Cholera, with, campaign","Cholera","total","campaign","ZWE","Zimbabwe",2025,1,100,"default age and gender",15676923,0.0264614432032379,"both"
"278","cholera-campaign-default","Cholera: Cholera, with, campaign","Cholera","total","campaign","ZWE","Zimbabwe",2028,1,100,"default age and gender",16541207,0.0264614432032379,"both"
"279","cholera-campaign-default","Cholera: Cholera, with, campaign","Cholera","total","campaign","ZWE","Zimbabwe",2031,1,100,"default age and gender",17471240,0.0264614432032379,"both"
"280","cholera-campaign-default","Cholera: Cholera, with, campaign","Cholera","total","campaign","ZWE","Zimbabwe",2034,1,100,"default age and gender",18425577,0.0264614432032379,"both"
"281","cholera-campaign-default","Cholera: Cholera, with, campaign","Cholera","total","campaign","ZWE","Zimbabwe",2037,1,100,"default age and gender",19404791,0.0264614432032379,"both"
"282","cholera-campaign-default","Cholera: Cholera, with, campaign","Cholera","total","campaign","ZWE","Zimbabwe",2040,1,100,"default age and gender",20391216,0.0264614432032379,"both"
